RelicName,ItemName,Rarity
Axi A1,Trinity Prime Systems Blueprint,Common
Axi A1,Braton Prime Stock,Common
Axi A1,Akstiletto Prime Barrel,Uncommon
Axi A1,Nikana Prime Blueprint,Rare
Axi A1,Fragor Prime Head,Common
Axi A1,Dual Kamas Prime Handle,Uncommon
Axi A10,Wukong Prime Chassis Blueprint,Uncommon
Axi A10,Stradavar Prime Receiver,Common
Axi A10,Paris Prime Grip,Uncommon
Axi A10,Akbronco Prime Blueprint,Common
Axi A10,Aksomati Prime Link,Rare
Axi A11,Atlas Prime Neuroptics Blueprint,Rare
Axi A11,Wukong Prime Systems Blueprint,Uncommon
Axi A11,Zhuge Prime String,Common
Axi A11,Burston Prime Receiver,Common
Axi A11,Fang Prime Blueprint,Common
Axi A11,Pangolin Prime Blade,Uncommon
Axi A12,Mirage Prime Chassis Blueprint,Common
Axi A12,Banshee Prime Blueprint,Uncommon
Axi A12,Akbolto Prime Receiver,Rare
Axi A12,Kogake Prime Boot,Common
Axi A13,Inaros Prime Systems Blueprint,Common
Axi A13,Burston Prime Receiver,Common
Axi A13,Aksomati Prime Link,Rare
Axi A13,Pangolin Prime Blade,Uncommon
Axi A13,Orthos Prime Blueprint,Uncommon
Axi A14,Nidus Prime Blueprint,Uncommon
Axi A14,Paris Prime Blueprint,Common
Axi A14,Zakti Prime Receiver,Common
Axi A14,Aksomati Prime Link,Rare
Axi A14,Volnus Prime Blueprint,Common
Axi A14,Karyst Prime Handle,Uncommon
Axi A2,Lex Prime Barrel,Common
Axi A2,Lex Prime Receiver,Common
Axi A2,Lex Prime Blueprint,Uncommon
Axi A2,Aklex Prime Blueprint,Uncommon
Axi A2,Aklex Prime Link,Rare
Axi A3,Hydroid Prime Neuroptics Blueprint,Uncommon
Axi A3,Cernos Prime String,Uncommon
Axi A3,Braton Prime Barrel,Common
Axi A3,Akbolto Prime Receiver,Rare
Axi A3,Kogake Prime Boot,Common
Axi A4,Zephyr Prime Neuroptics Blueprint,Common
Axi A4,Braton Prime Stock,Common
Axi A4,Ballistica Prime String,Uncommon
Axi A4,Akbolto Prime Receiver,Rare
Axi A4,Fang Prime Handle,Uncommon
Axi A5,Akvasto Prime Blueprint,Rare
Axi A5,Akvasto Prime Link,Uncommon
Axi A5,Vasto Prime Barrel,Common
Axi A5,Vasto Prime Receiver,Common
Axi A5,Vasto Prime Blueprint,Uncommon
Axi A6,Atlas Prime Neuroptics Blueprint,Rare
Axi A6,Chroma Prime Blueprint,Common
Axi A6,Zhuge Prime Blueprint,Uncommon
Axi A6,Braton Prime Stock,Common
Axi A6,Orthos Prime Handle,Common
Axi A6,Tipedo Prime Ornament,Uncommon
Axi A7,Ash Prime Systems Blueprint,Rare
Axi A7,Braton Prime Blueprint,Common
Axi A7,Akstiletto Prime Receiver,Common
Axi A7,Fragor Prime Blueprint,Uncommon
Axi A8,Equinox Prime Chassis Blueprint,Common
Axi A8,Braton Prime Stock,Common
Axi A8,Pyrana Prime Barrel,Common
Axi A8,Aksomati Prime Link,Rare
Axi A8,Gram Prime Blueprint,Uncommon
Axi A9,Atlas Prime Neuroptics Blueprint,Rare
Axi A9,Ivara Prime Systems Blueprint,Uncommon
Axi A9,Rubico Prime Stock,Common
Axi A9,Akbronco Prime Link,Uncommon
Axi A9,Lex Prime Blueprint,Common
Axi A9,Gram Prime Blade,Common
Axi B1,Ash Prime Chassis Blueprint,Common
Axi B1,Banshee Prime Systems Blueprint,Rare
Axi B1,Cernos Prime Blueprint,Uncommon
Axi B1,Euphona Prime Blueprint,Common
Axi B1,Fang Prime Blade,Common
Axi B2,Banshee Prime Systems Blueprint,Rare
Axi B2,Sybaris Prime Blueprint,Common
Axi B2,Fang Prime Blade,Common
Axi B2,Fragor Prime Head,Common
Axi B2,Orthos Prime Blueprint,Uncommon
Axi B3,Atlas Prime Chassis Blueprint,Uncommon
Axi B3,Baza Prime Stock,Rare
Axi B3,Stradavar Prime Stock,Common
Axi B3,Zhuge Prime Receiver,Uncommon
Axi B3,Paris Prime Lower Limb,Common
Axi B4,Ivara Prime Blueprint,Uncommon
Axi B4,Baza Prime Blueprint,Rare
Axi B4,Paris Prime Lower Limb,Common
Axi B4,Akjagara Prime Blueprint,Common
Axi B4,Aksomati Prime Blueprint,Common
Axi B4,Karyst Prime Handle,Uncommon
Axi C1,Trinity Prime Neuroptics Blueprint,Common
Axi C1,Cernos Prime Lower Limb,Rare
Axi C1,Vectis Prime Barrel,Common
Axi C1,Lex Prime Receiver,Common
Axi C1,Orthos Prime Blueprint,Uncommon
Axi C2,Trinity Prime Systems Blueprint,Common
Axi C2,Cernos Prime Lower Limb,Rare
Axi C2,Braton Prime Blueprint,Common
Axi C2,Silva & Aegis Prime Blade,Uncommon
Axi C2,Fragor Prime Handle,Uncommon
Axi C3,Hydroid Prime Chassis Blueprint,Common
Axi C3,Chroma Prime Systems Blueprint,Rare
Axi C3,Banshee Prime Blueprint,Uncommon
Axi C3,Pyrana Prime Receiver,Uncommon
Axi C4,Hydroid Prime Chassis Blueprint,Common
Axi C4,Chroma Prime Systems Blueprint,Rare
Axi C4,Braton Prime Blueprint,Common
Axi C4,Sybaris Prime Receiver,Uncommon
Axi C4,Pyrana Prime Barrel,Common
Axi C4,Kogake Prime Blueprint,Uncommon
Axi C5,Corinth Prime Barrel,Rare
Axi C5,Panthera Prime Blueprint,Common
Axi C5,Braton Prime Barrel,Common
Axi C5,Akbronco Prime Link,Uncommon
Axi C5,Tekko Prime Gauntlet,Common
Axi C5,Tipedo Prime Ornament,Uncommon
Axi C6,Ivara Prime Systems Blueprint,Uncommon
Axi C6,Corinth Prime Barrel,Rare
Axi C6,Pandero Prime Barrel,Uncommon
Axi C6,Pangolin Prime Handle,Common
Axi C6,Karyst Prime Blueprint,Common
Axi D1,Chroma Prime Blueprint,Common
Axi D1,Zhuge Prime Receiver,Uncommon
Axi D1,Tiberon Prime Receiver,Common
Axi D1,Braton Prime Blueprint,Common
Axi D1,Destreza Prime Blade,Rare
Axi D2,Rubico Prime Stock,Uncommon
Axi D2,Braton Prime Blueprint,Common
Axi D2,Aksomati Prime Receiver,Common
Axi D2,Destreza Prime Blade,Rare
Axi D2,Destreza Prime Handle,Common
Axi D3,Limbo Prime Systems Blueprint,Common
Axi D3,Braton Prime Stock,Common
Axi D3,Lex Prime Blueprint,Common
Axi D3,Pyrana Prime Receiver,Uncommon
Axi E1,Frost Prime Neuroptics Blueprint,Common
Axi E1,Ember Prime Blueprint,Rare
Axi E1,Latron Prime Barrel,Common
Axi E1,Sicarus Prime Blueprint,Common
Axi E1,Glaive Prime Blade,Uncommon
Axi E2,Paris Prime Blueprint,Common
Axi E2,Braton Prime Stock,Common
Axi E2,Lex Prime Receiver,Common
Axi E2,Bronco Prime Barrel,Uncommon
Axi E2,Euphona Prime Receiver,Rare
Axi G1,Saryn Prime Systems Blueprint,Common
Axi G1,Nekros Prime Chassis Blueprint,Common
Axi G1,Paris Prime Blueprint,Common
Axi G1,Galatine Prime Blueprint,Rare
Axi G2,Wukong Prime Neuroptics Blueprint,Common
Axi G2,Burston Prime Receiver,Common
Axi G2,Akbolto Prime Blueprint,Common
Axi G2,Gram Prime Handle,Rare
Axi G2,Redeemer Prime Blueprint,Uncommon
Axi G2,Tipedo Prime Ornament,Uncommon
Axi G3,Burston Prime Barrel,Uncommon
Axi G3,Lex Prime Blueprint,Common
Axi G3,Gram Prime Handle,Rare
Axi G3,Ninkondi Prime Blueprint,Common
Axi G3,Kronen Prime Handle,Uncommon
Axi G4,Burston Prime Barrel,Uncommon
Axi G4,Aksomati Prime Receiver,Common
Axi G4,Gram Prime Handle,Rare
Axi G4,Tekko Prime Gauntlet,Common
Axi G4,Fang Prime Blueprint,Common
Axi G4,Pangolin Prime Blade,Uncommon
Axi G5,Zephyr Prime Blueprint,Uncommon
Axi G5,Chroma Prime Blueprint,Common
Axi G5,Tiberon Prime Receiver,Common
Axi G5,Burston Prime Stock,Common
Axi G5,Gram Prime Handle,Rare
Axi G6,Gara Prime Blueprint,Rare
Axi G6,Nezha Prime Blueprint,Uncommon
Axi G6,Braton Prime Stock,Uncommon
Axi G6,Aksomati Prime Blueprint,Common
Axi G6,Karyst Prime Blueprint,Common
Axi H1,Trinity Prime Chassis Blueprint,Uncommon
Axi H1,Vectis Prime Barrel,Common
Axi H1,Akstiletto Prime Receiver,Uncommon
Axi H1,Fragor Prime Head,Common
Axi H2,Trinity Prime Chassis Blueprint,Uncommon
Axi H2,Oberon Prime Chassis Blueprint,Common
Axi H2,Lex Prime Receiver,Common
Axi H2,Akstiletto Prime Barrel,Uncommon
Axi H2,Fang Prime Handle,Common
Axi H3,Hydroid Prime Systems Blueprint,Rare
Axi H3,Cernos Prime Grip,Common
Axi H3,Burston Prime Barrel,Uncommon
Axi H3,Kronen Prime Blueprint,Common
Axi H4,Mesa Prime Chassis Blueprint,Common
Axi H4,Hydroid Prime Systems Blueprint,Rare
Axi H4,Mirage Prime Chassis Blueprint,Common
Axi H4,Paris Prime Upper Limb,Common
Axi H4,Akbolto Prime Link,Uncommon
Axi H5,Mirage Prime Systems Blueprint,Uncommon
Axi H5,Banshee Prime Neuroptics Blueprint,Common
Axi H5,Akbolto Prime Blueprint,Common
Axi H5,Euphona Prime Blueprint,Common
Axi I1,Inaros Prime Neuroptics Blueprint,Rare
Axi I1,Panthera Prime Blueprint,Common
Axi I1,Pangolin Prime Handle,Common
Axi I1,Volnus Prime Head,Uncommon
Axi I2,Gara Prime Chassis Blueprint,Uncommon
Axi I2,Inaros Prime Neuroptics Blueprint,Rare
Axi I2,Strun Prime Receiver,Common
Axi I2,Tenora Prime Blueprint,Common
Axi I2,Baza Prime Barrel,Uncommon
Axi K1,Lex Prime Barrel,Common
Axi K1,Akstiletto Prime Receiver,Uncommon
Axi K1,Hikou Prime Pouch,Common
Axi K2,Cernos Prime String,Uncommon
Axi K2,Sybaris Prime Blueprint,Common
Axi K2,Kronen Prime Blade,Rare
Axi K2,Orthos Prime Handle,Common
Axi K2,Galatine Prime Handle,Uncommon
Axi K3,Banshee Prime Blueprint,Uncommon
Axi K3,Cernos Prime Grip,Common
Axi K3,Tiberon Prime Receiver,Common
Axi K3,Paris Prime Blueprint,Common
Axi K3,Pyrana Prime Receiver,Uncommon
Axi K3,Kronen Prime Blade,Rare
Axi K4,Paris Prime Blueprint,Common
Axi K4,Sybaris Prime Stock,Common
Axi K4,Destreza Prime Blueprint,Uncommon
Axi K4,Kronen Prime Blade,Rare
Axi K4,Kogake Prime Blueprint,Uncommon
Axi K5,Hydroid Prime Blueprint,Uncommon
Axi K5,Equinox Prime Blueprint,Uncommon
Axi K5,Braton Prime Blueprint,Common
Axi K5,Ballistica Prime Lower Limb,Common
Axi K5,Kronen Prime Blade,Rare
Axi L1,Loki Prime Systems Blueprint,Rare
Axi L1,Latron Prime Blueprint,Common
Axi L1,Reaper Prime Blueprint,Common
Axi L1,Glaive Prime Blade,Uncommon
Axi L2,Limbo Prime Neuroptics Blueprint,Rare
Axi L2,Tiberon Prime Blueprint,Uncommon
Axi L2,Braton Prime Blueprint,Common
Axi L2,Orthos Prime Handle,Common
Axi L2,Nami Skyla Prime Blueprint,Common
Axi L3,Limbo Prime Chassis Blueprint,Rare
Axi L3,Zephyr Prime Chassis Blueprint,Uncommon
Axi L3,Akjagara Prime Receiver,Uncommon
Axi L3,Fang Prime Handle,Common
Axi L3,Kronen Prime Blueprint,Common
Axi L3,Nami Skyla Prime Blueprint,Common
Axi L4,Loki Prime Systems Blueprint,Rare
Axi L4,Volt Prime Systems Blueprint,Uncommon
Axi L4,Bo Prime Ornament,Common
Axi L5,Limbo Prime Chassis Blueprint,Rare
Axi L5,Rubico Prime Stock,Common
Axi L5,Burston Prime Blueprint,Common
Axi L5,Akbronco Prime Link,Uncommon
Axi L5,Fang Prime Blueprint,Common
Axi L5,Kronen Prime Handle,Uncommon
Axi M1,Mesa Prime Chassis Blueprint,Common
Axi M1,Mirage Prime Blueprint,Rare
Axi M1,Rubico Prime Barrel,Uncommon
Axi M1,Zhuge Prime String,Common
Axi M1,Lex Prime Barrel,Common
Axi M1,Orthos Prime Blueprint,Uncommon
Axi M2,Nezha Prime Blueprint,Uncommon
Axi M2,Titania Prime Chassis Blueprint,Common
Axi M2,Panthera Prime Stock,Uncommon
Axi M2,Burston Prime Blueprint,Common
Axi M2,Bronco Prime Receiver,Common
Axi M2,Magnus Prime Barrel,Rare
Axi M3,Mesa Prime Neuroptics Blueprint,Rare
Axi M3,Hydroid Prime Neuroptics Blueprint,Uncommon
Axi M3,Akjagara Prime Blueprint,Common
Axi M3,Ballistica Prime Upper Limb,Uncommon
Axi N1,Ash Prime Systems Blueprint,Rare
Axi N1,Braton Prime Blueprint,Common
Axi N1,Akstiletto Prime Link,Uncommon
Axi N1,Fang Prime Blade,Common
Axi N2,Ash Prime Neuroptics Blueprint,Uncommon
Axi N2,Lex Prime Receiver,Common
Axi N2,Bronco Prime Blueprint,Common
Axi N2,Nikana Prime Hilt,Rare
Axi N3,Volt Prime Blueprint,Uncommon
Axi N3,Nekros Prime Blueprint,Rare
Axi N3,Paris Prime Upper Limb,Common
Axi N3,Bronco Prime Barrel,Uncommon
Axi N3,Dual Kamas Prime Blueprint,Common
Axi N4,Hydroid Prime Neuroptics Blueprint,Uncommon
Axi N4,Nekros Prime Chassis Blueprint,Common
Axi N4,Cernos Prime Upper Limb,Common
Axi N4,Nikana Prime Hilt,Rare
Axi N4,Fragor Prime Handle,Uncommon
Axi N4,Galatine Prime Blade,Common
Axi N5,Nekros Prime Neuroptics Blueprint,Uncommon
Axi N5,Oberon Prime Chassis Blueprint,Common
Axi N5,Lex Prime Barrel,Common
Axi N5,Euphona Prime Blueprint,Common
Axi N5,Nami Skyla Prime Blade,Rare
Axi N6,Saryn Prime Blueprint,Uncommon
Axi N6,Braton Prime Barrel,Common
Axi N6,Braton Prime Receiver,Uncommon
Axi N6,Lex Prime Receiver,Common
Axi N6,Nikana Prime Hilt,Rare
Axi N6,Nikana Prime Blueprint,Common
Axi N7,Nezha Prime Chassis Blueprint,Rare
Axi N7,Octavia Prime Systems Blueprint,Common
Axi N7,Astilla Prime Receiver,Common
Axi N7,Baza Prime Receiver,Common
Axi O1,Oberon Prime Systems Blueprint,Rare
Axi O1,Paris Prime Blueprint,Common
Axi O1,Akstiletto Prime Receiver,Uncommon
Axi O1,Euphona Prime Blueprint,Common
Axi O1,Galatine Prime Handle,Uncommon
Axi O2,Oberon Prime Systems Blueprint,Rare
Axi O2,Tiberon Prime Blueprint,Uncommon
Axi O2,Paris Prime String,Common
Axi O2,Fang Prime Blade,Common
Axi O2,Galatine Prime Blade,Common
Axi O3,Zephyr Prime Chassis Blueprint,Uncommon
Axi O3,Oberon Prime Systems Blueprint,Rare
Axi O3,Burston Prime Stock,Common
Axi O3,Venka Prime Blueprint,Uncommon
Axi O3,Destreza Prime Handle,Common
Axi O4,Zephyr Prime Neuroptics Blueprint,Common
Axi O4,Oberon Prime Systems Blueprint,Rare
Axi O4,Tiberon Prime Blueprint,Uncommon
Axi O4,Lex Prime Blueprint,Common
Axi O4,Gram Prime Blueprint,Uncommon
Axi O4,Destreza Prime Handle,Common
Axi O5,Inaros Prime Chassis Blueprint,Uncommon
Axi O5,Nezha Prime Systems Blueprint,Common
Axi O5,Octavia Prime Blueprint,Rare
Axi O5,Panthera Prime Blueprint,Common
Axi O5,Lex Prime Receiver,Common
Axi O5,Fang Prime Handle,Uncommon
Axi P1,Equinox Prime Chassis Blueprint,Common
Axi P1,Akjagara Prime Blueprint,Common
Axi P1,Pyrana Prime Blueprint,Rare
Axi P1,Ninkondi Prime Chain,Uncommon
Axi P1,Kogake Prime Blueprint,Uncommon
Axi P2,Rubico Prime Stock,Uncommon
Axi P2,Tiberon Prime Receiver,Common
Axi P2,Pyrana Prime Blueprint,Rare
Axi P2,Bronco Prime Blueprint,Common
Axi P2,Destreza Prime Blueprint,Uncommon
Axi P3,Wukong Prime Systems Blueprint,Uncommon
Axi P3,Zhuge Prime Grip,Common
Axi P3,Burston Prime Barrel,Uncommon
Axi P3,Pyrana Prime Blueprint,Rare
Axi P3,Bronco Prime Blueprint,Common
Axi R1,Mag Prime Systems Blueprint,Common
Axi R1,Rhino Prime Blueprint,Rare
Axi R1,Boar Prime Receiver,Common
Axi R1,Boltor Prime Stock,Common
Axi R1,Ankyros Prime Blade,Uncommon
Axi R1,Dakra Prime Blueprint,Uncommon
Axi R2,Chroma Prime Chassis Blueprint,Uncommon
Axi R2,Mirage Prime Systems Blueprint,Uncommon
Axi R2,Lex Prime Receiver,Common
Axi R2,Destreza Prime Handle,Common
Axi R2,Redeemer Prime Handle,Rare
Axi R3,Zephyr Prime Neuroptics Blueprint,Common
Axi R3,Wukong Prime Systems Blueprint,Uncommon
Axi R3,Stradavar Prime Stock,Common
Axi R3,Akjagara Prime Link,Uncommon
Axi R3,Fang Prime Blade,Common
Axi R3,Redeemer Prime Handle,Rare
Axi S1,Trinity Prime Blueprint,Uncommon
Axi S1,Akbronco Prime Link,Uncommon
Axi S1,Bronco Prime Receiver,Common
Axi S1,Bronco Prime Blueprint,Common
Axi S1,Scindo Prime Blade,Rare
Axi S2,Loki Prime Blueprint,Common
Axi S2,Ember Prime Systems Blueprint,Uncommon
Axi S2,Latron Prime Receiver,Common
Axi S2,Sicarus Prime Receiver,Rare
Axi S3,Rhino Prime Systems Blueprint,Common
Axi S3,Nyx Prime Systems Blueprint,Uncommon
Axi S3,Boltor Prime Stock,Common
Axi S3,Hikou Prime Stars,Common
Axi S3,Ankyros Prime Blade,Uncommon
Axi S3,Scindo Prime Blade,Rare
Axi S4,Nova Prime Blueprint,Uncommon
Axi S4,Mag Prime Systems Blueprint,Common
Axi S4,Soma Prime Stock,Rare
Axi S4,Boar Prime Receiver,Common
Axi S4,Dakra Prime Blade,Uncommon
Axi S5,Saryn Prime Systems Blueprint,Common
Axi S5,Cernos Prime Grip,Common
Axi S5,Spira Prime Pouch,Rare
Axi S5,Venka Prime Blades,Common
Axi S5,Nikana Prime Blade,Uncommon
Axi S6,Nekros Prime Chassis Blueprint,Common
Axi S6,Tigris Prime Barrel,Uncommon
Axi S6,Burston Prime Blueprint,Common
Axi S6,Sybaris Prime Barrel,Rare
Axi S6,Silva & Aegis Prime Blade,Uncommon
Axi S7,Nova Prime Systems Blueprint,Common
Axi S7,Trinity Prime Chassis Blueprint,Uncommon
Axi S7,Soma Prime Stock,Rare
Axi S7,Vasto Prime Barrel,Common
Axi S8,Nyx Prime Chassis Blueprint,Uncommon
Axi S8,Cernos Prime Grip,Common
Axi S8,Hikou Prime Blueprint,Common
Axi S8,Venka Prime Blueprint,Uncommon
Axi S8,Scindo Prime Blade,Rare
Axi T1,Saryn Prime Systems Blueprint,Common
Axi T1,Tigris Prime Blueprint,Rare
Axi T1,Vectis Prime Barrel,Common
Axi T1,Burston Prime Barrel,Uncommon
Axi T1,Akstiletto Prime Receiver,Uncommon
Axi T2,Mirage Prime Neuroptics Blueprint,Common
Axi T2,Stradavar Prime Stock,Common
Axi T2,Burston Prime Barrel,Uncommon
Axi T2,Tipedo Prime Handle,Rare
Axi T2,Kogake Prime Boot,Common
Axi T3,Limbo Prime Systems Blueprint,Common
Axi T3,Equinox Prime Blueprint,Uncommon
Axi T3,Paris Prime Lower Limb,Common
Axi T3,Burston Prime Blueprint,Common
Axi T3,Tipedo Prime Handle,Rare
Axi T4,Equinox Prime Blueprint,Uncommon
Axi T4,Wukong Prime Neuroptics Blueprint,Common
Axi T4,Corinth Prime Blueprint,Common
Axi T4,Zhuge Prime Blueprint,Uncommon
Axi T4,Braton Prime Blueprint,Common
Axi T4,Tipedo Prime Handle,Rare
Axi T5,Titania Prime Systems Blueprint,Rare
Axi T5,Chroma Prime Blueprint,Common
Axi T5,Rubico Prime Receiver,Common
Axi T5,Zhuge Prime String,Common
Axi T5,Gram Prime Blueprint,Uncommon
Axi T6,Wukong Prime Chassis Blueprint,Uncommon
Axi T6,Tenora Prime Stock,Uncommon
Axi T6,Paris Prime String,Common
Axi T6,Zakti Prime Receiver,Common
Axi T6,Tekko Prime Blade,Rare
Axi T7,Inaros Prime Systems Blueprint,Common
Axi T7,Corinth Prime Receiver,Uncommon
Axi T7,Bronco Prime Receiver,Common
Axi T7,Tekko Prime Blade,Rare
Axi T7,Pangolin Prime Blade,Uncommon
Axi V1,Volt Prime Neuroptics Blueprint,Uncommon
Axi V1,Vauban Prime Chassis Blueprint,Rare
Axi V1,Dual Kamas Prime Blueprint,Common
Axi V10,Valkyr Prime Systems Blueprint,Uncommon
Axi V10,Cernos Prime String,Common
Axi V10,Lex Prime Receiver,Common
Axi V10,Hikou Prime Stars,Common
Axi V10,Venka Prime Gauntlet,Rare
Axi V2,Mag Prime Neuroptics Blueprint,Common
Axi V2,Trinity Prime Systems Blueprint,Common
Axi V2,Boar Prime Barrel,Uncommon
Axi V2,Vectis Prime Stock,Rare
Axi V2,Braton Prime Receiver,Uncommon
Axi V2,Hikou Prime Pouch,Common
Axi V3,Trinity Prime Systems Blueprint,Common
Axi V3,Trinity Prime Neuroptics Blueprint,Common
Axi V3,Vectis Prime Stock,Rare
Axi V3,Braton Prime Receiver,Uncommon
Axi V3,Vasto Prime Barrel,Common
Axi V3,Orthos Prime Blueprint,Uncommon
Axi V4,Trinity Prime Systems Blueprint,Common
Axi V4,Cernos Prime Blueprint,Uncommon
Axi V4,Vectis Prime Stock,Rare
Axi V4,Paris Prime Blueprint,Common
Axi V5,Valkyr Prime Chassis Blueprint,Rare
Axi V5,Tigris Prime Receiver,Uncommon
Axi V5,Braton Prime Receiver,Uncommon
Axi V5,Venka Prime Blades,Common
Axi V5,Dual Kamas Prime Blueprint,Common
Axi V6,Valkyr Prime Chassis Blueprint,Rare
Axi V6,Braton Prime Blueprint,Common
Axi V6,Ballistica Prime Lower Limb,Common
Axi V6,Fang Prime Handle,Uncommon
Axi V6,Galatine Prime Handle,Uncommon
Axi V7,Valkyr Prime Blueprint,Common
Axi V7,Lex Prime Barrel,Common
Axi V7,Venka Prime Gauntlet,Rare
Axi V7,Silva & Aegis Prime Blueprint,Uncommon
Axi V7,Nami Skyla Prime Blueprint,Common
Axi V7,Kogake Prime Blueprint,Uncommon
Axi V8,Volt Prime Chassis Blueprint,Uncommon
Axi V8,Volt Prime Neuroptics Blueprint,Rare
Axi V8,Lex Prime Receiver,Common
Axi V9,Saryn Prime Neuroptics Blueprint,Common
Axi V9,Valkyr Prime Systems Blueprint,Uncommon
Axi V9,Valkyr Prime Blueprint,Common
Axi V9,Spira Prime Blade,Uncommon
Axi V9,Venka Prime Gauntlet,Rare
Axi W1,Inaros Prime Blueprint,Uncommon
Axi W1,Wukong Prime Blueprint,Rare
Axi W1,Stradavar Prime Receiver,Common
Axi W1,Bronco Prime Receiver,Common
Axi W1,Aksomati Prime Receiver,Common
Axi W2,Inaros Prime Blueprint,Uncommon
Axi W2,Wukong Prime Blueprint,Rare
Axi W2,Baza Prime Receiver,Common
Axi W2,Bronco Prime Barrel,Uncommon
Axi W2,Tekko Prime Gauntlet,Common
Axi Z1,Wukong Prime Neuroptics Blueprint,Common
Axi Z1,Baza Prime Barrel,Uncommon
Axi Z1,Panthera Prime Blueprint,Common
Axi Z1,Zhuge Prime Blueprint,Uncommon
Axi Z1,Zakti Prime Blueprint,Rare
Lith A1,Saryn Prime Neuroptics Blueprint,Uncommon
Lith A1,Vectis Prime Blueprint,Uncommon
Lith A1,Braton Prime Barrel,Common
Lith A1,Akstiletto Prime Blueprint,Rare
Lith A1,Vasto Prime Receiver,Common
Lith A2,Valkyr Prime Blueprint,Common
Lith A2,Cernos Prime Blueprint,Uncommon
Lith A2,Akbronco Prime Link,Uncommon
Lith A2,Lex Prime Barrel,Common
Lith A2,Akstiletto Prime Blueprint,Rare
Lith A3,Rubico Prime Receiver,Common
Lith A3,Tiberon Prime Blueprint,Uncommon
Lith A3,Akjagara Prime Barrel,Rare
Lith A3,Lex Prime Blueprint,Common
Lith A3,Akbolto Prime Barrel,Uncommon
Lith A3,Orthos Prime Handle,Common
Lith A4,Ivara Prime Systems Blueprint,Uncommon
Lith A4,Corinth Prime Blueprint,Common
Lith A4,Astilla Prime Barrel,Rare
Lith A4,Baza Prime Barrel,Uncommon
Lith A4,Burston Prime Receiver,Common
Lith B1,Mag Prime Neuroptics Blueprint,Common
Lith B1,Rhino Prime Neuroptics Blueprint,Uncommon
Lith B1,Boar Prime Stock,Rare
Lith B1,Boltor Prime Receiver,Uncommon
Lith B1,Ankyros Prime Blueprint,Common
Lith B2,Tigris Prime Stock,Common
Lith B2,Paris Prime Lower Limb,Common
Lith B2,Braton Prime Receiver,Uncommon
Lith B2,Ballistica Prime Blueprint,Rare
Lith B2,Orthos Prime Blade,Uncommon
Lith B3,Limbo Prime Systems Blueprint,Common
Lith B3,Cernos Prime String,Uncommon
Lith B3,Burston Prime Blueprint,Common
Lith B3,Ballistica Prime Blueprint,Rare
Lith B3,Orthos Prime Blade,Uncommon
Lith B4,Rhino Prime Neuroptics Blueprint,Uncommon
Lith B4,Nyx Prime Blueprint,Common
Lith B4,Boltor Prime Blueprint,Rare
Lith B4,Ankyros Prime Blueprint,Common
Lith B4,Scindo Prime Blueprint,Uncommon
Lith B5,Oberon Prime Chassis Blueprint,Common
Lith B5,Banshee Prime Neuroptics Blueprint,Common
Lith B5,Rubico Prime Stock,Uncommon
Lith B5,Lex Prime Receiver,Common
Lith B5,Ballistica Prime Blueprint,Rare
Lith B5,Orthos Prime Blade,Uncommon
Lith B6,Limbo Prime Systems Blueprint,Common
Lith B6,Lex Prime Barrel,Common
Lith B6,Ballistica Prime Blueprint,Rare
Lith B6,Fang Prime Blueprint,Common
Lith B6,Redeemer Prime Blueprint,Uncommon
Lith B6,Orthos Prime Blueprint,Uncommon
Lith B7,Baza Prime Blueprint,Rare
Lith B7,Lex Prime Receiver,Common
Lith B7,Aksomati Prime Barrel,Uncommon
Lith B7,Orthos Prime Blueprint,Uncommon
Lith B7,Tipedo Prime Blueprint,Common
Lith B8,Atlas Prime Chassis Blueprint,Uncommon
Lith B8,Ivara Prime Blueprint,Uncommon
Lith B8,Baza Prime Blueprint,Rare
Lith B8,Burston Prime Stock,Common
Lith B8,Aksomati Prime Blueprint,Common
Lith C1,Nova Prime Systems Blueprint,Common
Lith C1,Nova Prime Neuroptics Blueprint,Common
Lith C1,Fang Prime Blade,Common
Lith C2,Cernos Prime Lower Limb,Rare
Lith C2,Paris Prime Upper Limb,Common
Lith C2,Bronco Prime Receiver,Common
Lith C2,Akbolto Prime Barrel,Uncommon
Lith C2,Venka Prime Blades,Common
Lith C2,Nami Skyla Prime Handle,Uncommon
Lith C3,Chroma Prime Neuroptics Blueprint,Rare
Lith C3,Braton Prime Blueprint,Uncommon
Lith C3,Sybaris Prime Blueprint,Common
Lith C3,Lex Prime Blueprint,Common
Lith C3,Silva & Aegis Prime Hilt,Common
Lith C4,Chroma Prime Neuroptics Blueprint,Rare
Lith C4,Paris Prime Lower Limb,Common
Lith C4,Braton Prime Stock,Uncommon
Lith C4,Burston Prime Receiver,Common
Lith C4,Orthos Prime Blade,Uncommon
Lith C5,Saryn Prime Neuroptics Blueprint,Common
Lith C5,Valkyr Prime Neuroptics Blueprint,Uncommon
Lith C5,Cernos Prime Lower Limb,Rare
Lith C5,Spira Prime Blueprint,Common
Lith C5,Venka Prime Blueprint,Uncommon
Lith C6,Mesa Prime Blueprint,Uncommon
Lith C6,Equinox Prime Chassis Blueprint,Common
Lith C6,Corinth Prime Stock,Rare
Lith C6,Braton Prime Receiver,Uncommon
Lith C6,Fang Prime Blade,Common
Lith C7,Valkyr Prime Blueprint,Common
Lith C7,Nyx Prime Systems Blueprint,Uncommon
Lith C7,Cernos Prime Lower Limb,Rare
Lith C7,Hikou Prime Pouch,Common
Lith C7,Scindo Prime Blueprint,Uncommon
Lith C8,Zephyr Prime Neuroptics Blueprint,Common
Lith C8,Chroma Prime Neuroptics Blueprint,Rare
Lith C8,Rubico Prime Stock,Uncommon
Lith C8,Tiberon Prime Blueprint,Common
Lith C8,Burston Prime Receiver,Common
Lith D1,Mesa Prime Blueprint,Uncommon
Lith D1,Atlas Prime Blueprint,Common
Lith D1,Burston Prime Receiver,Common
Lith D1,Lex Prime Receiver,Common
Lith D1,Ninkondi Prime Chain,Uncommon
Lith D2,Equinox Prime Chassis Blueprint,Common
Lith D2,Wukong Prime Neuroptics Blueprint,Common
Lith D2,Fang Prime Handle,Uncommon
Lith D2,Redeemer Prime Blueprint,Uncommon
Lith D3,Ivara Prime Neuroptics Blueprint,Common
Lith D3,Corinth Prime Receiver,Uncommon
Lith D3,Stradavar Prime Receiver,Common
Lith D3,Burston Prime Stock,Common
Lith D3,Ninkondi Prime Chain,Uncommon
Lith D4,Zakti Prime Barrel,Uncommon
Lith D4,Bronco Prime Blueprint,Common
Lith D4,Ninkondi Prime Chain,Uncommon
Lith D4,Orthos Prime Handle,Common
Lith F1,Paris Prime Blueprint,Common
Lith F1,Fang Prime Blade,Common
Lith F1,Scindo Prime Blueprint,Uncommon
Lith F1,Fragor Prime Blueprint,Rare
Lith F2,Vauban Prime Blueprint,Rare
Lith F2,Paris Prime Upper Limb,Common
Lith F2,Burston Prime Barrel,Uncommon
Lith F2,Hikou Prime Stars,Common
Lith F2,Fang Prime Handle,Uncommon
Lith G1,Frost Prime Chassis Blueprint,Common
Lith G1,Ember Prime Systems Blueprint,Uncommon
Lith G1,Latron Prime Blueprint,Common
Lith G1,Reaper Prime Handle,Common
Lith G1,Glaive Prime Blueprint,Rare
Lith G2,Frost Prime Systems Blueprint,Uncommon
Lith G2,Loki Prime Chassis Blueprint,Uncommon
Lith G2,Latron Prime Stock,Common
Lith G2,Glaive Prime Blueprint,Rare
Lith G2,Bo Prime Blueprint,Common
Lith G3,Octavia Prime Neuroptics Blueprint,Common
Lith G3,Panthera Prime Stock,Uncommon
Lith G3,Zhuge Prime String,Common
Lith G3,Paris Prime Upper Limb,Common
Lith G3,Guandao Prime Handle,Rare
Lith G4,Inaros Prime Blueprint,Uncommon
Lith G4,Octavia Prime Neuroptics Blueprint,Common
Lith G4,Titania Prime Neuroptics Blueprint,Uncommon
Lith G4,Fang Prime Blueprint,Common
Lith G4,Guandao Prime Handle,Rare
Lith H1,Saryn Prime Systems Blueprint,Common
Lith H1,Paris Prime Blueprint,Common
Lith H1,Bronco Prime Blueprint,Common
Lith H1,Akstiletto Prime Barrel,Uncommon
Lith H1,Nami Skyla Prime Handle,Uncommon
Lith H2,Zephyr Prime Neuroptics Blueprint,Common
Lith H2,Oberon Prime Blueprint,Uncommon
Lith H2,Lex Prime Barrel,Common
Lith H2,Orthos Prime Blueprint,Uncommon
Lith I1,Ivara Prime Chassis Blueprint,Rare
Lith I1,Burston Prime Barrel,Uncommon
Lith I1,Pandero Prime Blueprint,Common
Lith I1,Fang Prime Blade,Common
Lith I1,Karyst Prime Handle,Uncommon
Lith K1,Trinity Prime Blueprint,Uncommon
Lith K1,Tigris Prime Barrel,Uncommon
Lith K1,Burston Prime Stock,Common
Lith K1,Fang Prime Blueprint,Common
Lith K2,Zephyr Prime Neuroptics Blueprint,Common
Lith K2,Rubico Prime Receiver,Common
Lith K2,Braton Prime Barrel,Common
Lith K2,Braton Prime Receiver,Uncommon
Lith K2,Kogake Prime Gauntlet,Rare
Lith K3,Wukong Prime Chassis Blueprint,Uncommon
Lith K3,Rubico Prime Receiver,Common
Lith K3,Tiberon Prime Blueprint,Uncommon
Lith K3,Paris Prime Upper Limb,Common
Lith K3,Kronen Prime Blade,Rare
Lith K4,Nova Prime Neuroptics Blueprint,Common
Lith K4,Trinity Prime Blueprint,Uncommon
Lith K4,Soma Prime Receiver,Uncommon
Lith K4,Dual Kamas Prime Blueprint,Common
Lith K5,Mirage Prime Chassis Blueprint,Common
Lith K5,Banshee Prime Systems Blueprint,Uncommon
Lith K5,Akbolto Prime Barrel,Uncommon
Lith K5,Kogake Prime Gauntlet,Rare
Lith K6,Gara Prime Chassis Blueprint,Uncommon
Lith K6,Atlas Prime Blueprint,Common
Lith K6,Paris Prime Grip,Uncommon
Lith K6,Bronco Prime Blueprint,Common
Lith K6,Aksomati Prime Receiver,Common
Lith K6,Karyst Prime Blade,Rare
Lith K7,Octavia Prime Chassis Blueprint,Uncommon
Lith K7,Baza Prime Receiver,Common
Lith K7,Paris Prime Lower Limb,Common
Lith K7,Guandao Prime Blade,Common
Lith K7,Karyst Prime Blade,Rare
Lith K8,Limbo Prime Neuroptics Blueprint,Uncommon
Lith K8,Trinity Prime Neuroptics Blueprint,Uncommon
Lith K8,Braton Prime Receiver,Common
Lith K8,Lex Prime Receiver,Common
Lith L1,Limbo Prime Neuroptics Blueprint,Rare
Lith L1,Equinox Prime Neuroptics Blueprint,Uncommon
Lith L1,Zhuge Prime Blueprint,Uncommon
Lith L1,Destreza Prime Handle,Common
Lith L1,Kogake Prime Boot,Common
Lith L2,Limbo Prime Neuroptics Blueprint,Rare
Lith L2,Equinox Prime Chassis Blueprint,Common
Lith L2,Braton Prime Receiver,Uncommon
Lith L2,Pyrana Prime Barrel,Common
Lith L2,Tekko Prime Blueprint,Uncommon
Lith L2,Redeemer Prime Blade,Common
Lith L3,Limbo Prime Chassis Blueprint,Rare
Lith L3,Trinity Prime Chassis Blueprint,Uncommon
Lith L3,Lex Prime Barrel,Common
Lith L3,Pyrana Prime Barrel,Common
Lith M1,Mag Prime Blueprint,Rare
Lith M1,Soma Prime Blueprint,Uncommon
Lith M1,Boar Prime Receiver,Common
Lith M1,Lex Prime Receiver,Common
Lith M1,Dakra Prime Blueprint,Uncommon
Lith M2,Nova Prime Neuroptics Blueprint,Common
Lith M2,Mag Prime Blueprint,Rare
Lith M2,Soma Prime Barrel,Common
Lith M2,Boar Prime Barrel,Uncommon
Lith M2,Dakra Prime Handle,Common
Lith M3,Mesa Prime Neuroptics Blueprint,Rare
Lith M3,Oberon Prime Blueprint,Uncommon
Lith M3,Rubico Prime Stock,Uncommon
Lith M3,Paris Prime Blueprint,Common
Lith M3,Silva & Aegis Prime Hilt,Common
Lith M4,Mesa Prime Neuroptics Blueprint,Rare
Lith M4,Equinox Prime Chassis Blueprint,Common
Lith M4,Stradavar Prime Barrel,Uncommon
Lith M4,Paris Prime Blueprint,Common
Lith M4,Akjagara Prime Blueprint,Common
Lith M4,Destreza Prime Blueprint,Uncommon
Lith M5,Mesa Prime Neuroptics Blueprint,Rare
Lith M5,Atlas Prime Blueprint,Common
Lith M5,Titania Prime Blueprint,Uncommon
Lith M5,Stradavar Prime Barrel,Uncommon
Lith M5,Burston Prime Stock,Common
Lith M5,Redeemer Prime Blade,Common
Lith M6,Inaros Prime Systems Blueprint,Common
Lith M6,Mesa Prime Systems Blueprint,Rare
Lith M6,Akjagara Prime Receiver,Uncommon
Lith M6,Bronco Prime Blueprint,Common
Lith M7,Mirage Prime Blueprint,Rare
Lith M7,Banshee Prime Neuroptics Blueprint,Common
Lith M7,Akbolto Prime Blueprint,Common
Lith M7,Euphona Prime Barrel,Uncommon
Lith M7,Kogake Prime Boot,Common
Lith N1,Nova Prime Chassis Blueprint,Rare
Lith N1,Nekros Prime Chassis Blueprint,Common
Lith N1,Akbronco Prime Link,Uncommon
Lith N1,Bronco Prime Blueprint,Common
Lith N1,Fang Prime Blade,Common
Lith N2,Nekros Prime Systems Blueprint,Rare
Lith N2,Paris Prime Upper Limb,Common
Lith N2,Spira Prime Blueprint,Common
Lith N3,Valkyr Prime Blueprint,Common
Lith N3,Nekros Prime Blueprint,Rare
Lith N3,Braton Prime Blueprint,Uncommon
Lith N3,Burston Prime Receiver,Common
Lith N3,Sybaris Prime Stock,Common
Lith N4,Atlas Prime Systems Blueprint,Uncommon
Lith N4,Ivara Prime Blueprint,Uncommon
Lith N4,Bronco Prime Blueprint,Common
Lith N4,Gram Prime Blade,Common
Lith N4,Ninkondi Prime Handle,Rare
Lith N5,Ivara Prime Blueprint,Uncommon
Lith N5,Stradavar Prime Stock,Common
Lith N5,Zhuge Prime String,Common
Lith N5,Braton Prime Receiver,Uncommon
Lith N5,Ninkondi Prime Handle,Rare
Lith N6,Inaros Prime Chassis Blueprint,Uncommon
Lith N6,Nezha Prime Neuroptics Blueprint,Rare
Lith N6,Stradavar Prime Barrel,Uncommon
Lith N6,Zhuge Prime Grip,Common
Lith N6,Aksomati Prime Receiver,Common
Lith N6,Fang Prime Blade,Common
Lith N7,Nidus Prime Chassis Blueprint,Rare
Lith N7,Octavia Prime Systems Blueprint,Common
Lith N7,Ivara Prime Blueprint,Uncommon
Lith N7,Braton Prime Blueprint,Common
Lith N7,Lex Prime Barrel,Common
Lith N7,Pangolin Prime Blade,Uncommon
Lith N8,Nezha Prime Neuroptics Blueprint,Rare
Lith N8,Titania Prime Neuroptics Blueprint,Uncommon
Lith N8,Astilla Prime Receiver,Common
Lith N8,Pandero Prime Blueprint,Common
Lith N8,Zakti Prime Barrel,Uncommon
Lith N8,Aksomati Prime Blueprint,Common
Lith N9,Mesa Prime Blueprint,Uncommon
Lith N9,Burston Prime Stock,Common
Lith N9,Akjagara Prime Receiver,Uncommon
Lith O1,Oberon Prime Neuroptics Blueprint,Rare
Lith O1,Rubico Prime Receiver,Common
Lith O1,Burston Prime Blueprint,Common
Lith O1,Ballistica Prime Lower Limb,Common
Lith O1,Akbolto Prime Barrel,Uncommon
Lith O2,Loki Prime Chassis Blueprint,Uncommon
Lith O2,Volt Prime Blueprint,Common
Lith O2,Bo Prime Blueprint,Common
Lith P1,Braton Prime Receiver,Uncommon
Lith P1,Sybaris Prime Stock,Common
Lith P1,Pyrana Prime Blueprint,Rare
Lith P1,Fang Prime Blade,Common
Lith P2,Burston Prime Blueprint,Common
Lith P2,Pyrana Prime Blueprint,Rare
Lith P2,Ballistica Prime Receiver,Uncommon
Lith P2,Gram Prime Blueprint,Uncommon
Lith P2,Tipedo Prime Blueprint,Common
Lith P3,Atlas Prime Blueprint,Common
Lith P3,Panthera Prime Barrel,Rare
Lith P3,Stradavar Prime Stock,Common
Lith P3,Burston Prime Barrel,Uncommon
Lith P3,Akjagara Prime Link,Uncommon
Lith P4,Titania Prime Chassis Blueprint,Common
Lith P4,Equinox Prime Blueprint,Uncommon
Lith P4,Panthera Prime Barrel,Rare
Lith P4,Braton Prime Barrel,Common
Lith P4,Bronco Prime Blueprint,Common
Lith P5,Atlas Prime Blueprint,Common
Lith P5,Lex Prime Blueprint,Common
Lith P5,Bronco Prime Receiver,Common
Lith P5,Tekko Prime Blueprint,Uncommon
Lith P5,Guandao Prime Blueprint,Uncommon
Lith P5,Pangolin Prime Blueprint,Rare
Lith R1,Mesa Prime Chassis Blueprint,Common
Lith R1,Hydroid Prime Chassis Blueprint,Common
Lith R1,Burston Prime Barrel,Uncommon
Lith R1,Ballistica Prime Receiver,Uncommon
Lith S1,Paris Prime String,Common
Lith S1,Paris Prime Grip,Uncommon
Lith S1,Spira Prime Pouch,Rare
Lith S1,Bronco Prime Blueprint,Common
Lith S1,Hikou Prime Blueprint,Common
Lith S10,Mesa Prime Chassis Blueprint,Common
Lith S10,Baza Prime Barrel,Uncommon
Lith S10,Stradavar Prime Blueprint,Rare
Lith S10,Burston Prime Blueprint,Common
Lith S10,Orthos Prime Blueprint,Uncommon
Lith S2,Nyx Prime Blueprint,Common
Lith S2,Soma Prime Stock,Rare
Lith S2,Akbronco Prime Blueprint,Common
Lith S3,Ash Prime Blueprint,Uncommon
Lith S3,Soma Prime Receiver,Uncommon
Lith S3,Paris Prime String,Common
Lith S3,Akbronco Prime Blueprint,Common
Lith S3,Spira Prime Pouch,Rare
Lith S4,Saryn Prime Blueprint,Rare
Lith S4,Trinity Prime Chassis Blueprint,Uncommon
Lith S4,Paris Prime Blueprint,Common
Lith S4,Lex Prime Blueprint,Common
Lith S5,Burston Prime Receiver,Common
Lith S5,Akbronco Prime Link,Uncommon
Lith S5,Spira Prime Blade,Rare
Lith S5,Fang Prime Blade,Common
Lith S5,Galatine Prime Handle,Uncommon
Lith S6,Valkyr Prime Neuroptics Blueprint,Uncommon
Lith S6,Spira Prime Pouch,Rare
Lith S6,Fang Prime Blade,Common
Lith S6,Dual Kamas Prime Blueprint,Common
Lith S7,Mirage Prime Chassis Blueprint,Common
Lith S7,Paris Prime Grip,Uncommon
Lith S7,Sybaris Prime Barrel,Rare
Lith S7,Lex Prime Blueprint,Common
Lith S7,Akbolto Prime Link,Uncommon
Lith S7,Galatine Prime Blade,Common
Lith S8,Rubico Prime Barrel,Uncommon
Lith S8,Stradavar Prime Blueprint,Rare
Lith S8,Braton Prime Barrel,Common
Lith S8,Gram Prime Blade,Common
Lith S8,Orthos Prime Blueprint,Uncommon
Lith S9,Oberon Prime Blueprint,Uncommon
Lith S9,Tigris Prime Receiver,Uncommon
Lith S9,Burston Prime Stock,Common
Lith S9,Sybaris Prime Stock,Common
Lith S9,Silva & Aegis Prime Guard,Rare
Lith T1,Valkyr Prime Neuroptics Blueprint,Uncommon
Lith T1,Tigris Prime Blueprint,Rare
Lith T1,Burston Prime Blueprint,Common
Lith T1,Akbronco Prime Blueprint,Common
Lith T1,Ballistica Prime Upper Limb,Uncommon
Lith T2,Valkyr Prime Blueprint,Common
Lith T2,Tiberon Prime Stock,Rare
Lith T2,Braton Prime Blueprint,Uncommon
Lith T2,Lex Prime Barrel,Common
Lith T2,Silva & Aegis Prime Blueprint,Uncommon
Lith T3,Nekros Prime Blueprint,Uncommon
Lith T3,Oberon Prime Chassis Blueprint,Common
Lith T3,Tigris Prime Blueprint,Rare
Lith T3,Braton Prime Stock,Common
Lith T3,Galatine Prime Blade,Common
Lith T4,Titania Prime Systems Blueprint,Rare
Lith T4,Paris Prime Lower Limb,Common
Lith T4,Zakti Prime Receiver,Common
Lith T4,Tekko Prime Gauntlet,Common
Lith T4,Karyst Prime Handle,Uncommon
Lith T5,Titania Prime Neuroptics Blueprint,Uncommon
Lith T5,Corinth Prime Blueprint,Common
Lith T5,Tenora Prime Barrel,Rare
Lith T5,Zhuge Prime Blueprint,Uncommon
Lith T5,Paris Prime Lower Limb,Common
Lith T6,Rubico Prime Barrel,Common
Lith T6,Tiberon Prime Stock,Rare
Lith T6,Braton Prime Blueprint,Common
Lith T6,Burston Prime Barrel,Uncommon
Lith T6,Kronen Prime Handle,Uncommon
Lith T7,Gara Prime Systems Blueprint,Common
Lith T7,Titania Prime Systems Blueprint,Rare
Lith T7,Ivara Prime Systems Blueprint,Uncommon
Lith T7,Strun Prime Barrel,Uncommon
Lith T7,Bronco Prime Blueprint,Common
Lith V1,Volt Prime Systems Blueprint,Uncommon
Lith V1,Paris Prime Lower Limb,Common
Lith V1,Paris Prime Upper Limb,Common
Lith V1,Burston Prime Stock,Common
Lith V1,Fragor Prime Handle,Rare
Lith V2,Vauban Prime Systems Blueprint,Rare
Lith V2,Paris Prime Lower Limb,Common
Lith V2,Paris Prime Upper Limb,Uncommon
Lith V2,Lex Prime Barrel,Common
Lith V2,Fang Prime Blueprint,Common
Lith V3,Valkyr Prime Systems Blueprint,Rare
Lith V3,Tigris Prime Barrel,Uncommon
Lith V3,Cernos Prime Upper Limb,Common
Lith V3,Paris Prime Lower Limb,Common
Lith V3,Braton Prime Blueprint,Common
Lith V4,Nekros Prime Chassis Blueprint,Common
Lith V4,Vauban Prime Chassis Blueprint,Rare
Lith V4,Tigris Prime Barrel,Uncommon
Lith V4,Spira Prime Blueprint,Common
Lith V4,Venka Prime Blades,Common
Lith V5,Valkyr Prime Systems Blueprint,Rare
Lith V5,Banshee Prime Neuroptics Blueprint,Common
Lith V5,Akbronco Prime Blueprint,Common
Lith V5,Lex Prime Blueprint,Common
Lith V5,Ballistica Prime Upper Limb,Uncommon
Lith V5,Akbolto Prime Barrel,Uncommon
Lith V6,Saryn Prime Blueprint,Uncommon
Lith V6,Valkyr Prime Chassis Blueprint,Rare
Lith V6,Cernos Prime Grip,Common
Lith V6,Venka Prime Blades,Common
Lith V6,Nikana Prime Blueprint,Common
Lith V7,Ash Prime Blueprint,Uncommon
Lith V7,Vauban Prime Neuroptics Blueprint,Rare
Lith V7,Vectis Prime Barrel,Common
Lith V7,Akstiletto Prime Link,Uncommon
Lith V7,Fragor Prime Head,Common
Lith V8,Ash Prime Chassis Blueprint,Common
Lith V8,Vauban Prime Systems Blueprint,Rare
Lith V8,Vectis Prime Stock,Uncommon
Lith V8,Bronco Prime Blueprint,Common
Lith V8,Fragor Prime Handle,Uncommon
Lith W1,Mirage Prime Neuroptics Blueprint,Common
Lith W1,Wukong Prime Blueprint,Rare
Lith W1,Akbolto Prime Link,Uncommon
Lith W1,Gram Prime Blade,Common
Lith W1,Fang Prime Handle,Uncommon
Lith W2,Wukong Prime Blueprint,Rare
Lith W2,Rubico Prime Receiver,Common
Lith W2,Baza Prime Barrel,Uncommon
Lith W2,Stradavar Prime Receiver,Common
Lith W2,Fang Prime Handle,Uncommon
Lith Z1,Zephyr Prime Systems Blueprint,Rare
Lith Z1,Mirage Prime Neuroptics Blueprint,Common
Lith Z1,Cernos Prime Blueprint,Uncommon
Lith Z1,Akbronco Prime Blueprint,Common
Lith Z1,Fang Prime Handle,Common
Lith Z2,Zephyr Prime Systems Blueprint,Rare
Lith Z2,Akbronco Prime Blueprint,Common
Lith Z2,Silva & Aegis Prime Blueprint,Uncommon
Lith Z2,Nami Skyla Prime Blueprint,Common
Meso A1,Sybaris Prime Stock,Common
Meso A1,Akjagara Prime Barrel,Rare
Meso A1,Ballistica Prime Lower Limb,Common
Meso A1,Kronen Prime Handle,Uncommon
Meso A1,Orthos Prime Handle,Common
Meso A2,Zephyr Prime Chassis Blueprint,Uncommon
Meso A2,Equinox Prime Blueprint,Uncommon
Meso A2,Zhuge Prime Grip,Common
Meso A2,Akbolto Prime Receiver,Rare
Meso A2,Tipedo Prime Blueprint,Common
Meso B1,Mag Prime Chassis Blueprint,Uncommon
Meso B1,Boar Prime Stock,Rare
Meso B1,Dakra Prime Handle,Common
Meso B1,Orthos Prime Blueprint,Uncommon
Meso B1,Orthos Prime Handle,Common
Meso B2,Hydroid Prime Blueprint,Uncommon
Meso B2,Oberon Prime Chassis Blueprint,Common
Meso B2,Banshee Prime Chassis Blueprint,Rare
Meso B2,Braton Prime Blueprint,Common
Meso B2,Silva & Aegis Prime Hilt,Common
Meso B2,Kronen Prime Handle,Uncommon
Meso B3,Nova Prime Systems Blueprint,Common
Meso B3,Mag Prime Chassis Blueprint,Uncommon
Meso B3,Soma Prime Blueprint,Common
Meso B3,Boar Prime Stock,Rare
Meso B3,Dakra Prime Blueprint,Uncommon
Meso B4,Chroma Prime Blueprint,Common
Meso B4,Wukong Prime Chassis Blueprint,Uncommon
Meso B4,Baza Prime Blueprint,Rare
Meso B4,Paris Prime Upper Limb,Common
Meso B4,Bronco Prime Receiver,Common
Meso B4,Redeemer Prime Blueprint,Uncommon
Meso B5,Nidus Prime Systems Blueprint,Common
Meso B5,Ivara Prime Neuroptics Blueprint,Common
Meso B5,Baza Prime Blueprint,Rare
Meso B5,Guandao Prime Blueprint,Uncommon
Meso B5,Volnus Prime Head,Uncommon
Meso B5,Karyst Prime Blueprint,Common
Meso B6,Octavia Prime Neuroptics Blueprint,Common
Meso B6,Baza Prime Stock,Rare
Meso B6,Paris Prime Grip,Uncommon
Meso B6,Akbronco Prime Blueprint,Common
Meso B6,Magnus Prime Blueprint,Common
Meso B7,Burston Prime Receiver,Common
Meso B7,Akjagara Prime Link,Uncommon
Meso B7,Ballistica Prime Blueprint,Rare
Meso C1,Nova Prime Neuroptics Blueprint,Common
Meso C1,Saryn Prime Systems Blueprint,Common
Meso C1,Ash Prime Blueprint,Uncommon
Meso C1,Scindo Prime Handle,Uncommon
Meso C2,Valkyr Prime Neuroptics Blueprint,Uncommon
Meso C2,Cernos Prime Upper Limb,Common
Meso C2,Bronco Prime Blueprint,Common
Meso C2,Galatine Prime Blade,Common
Meso C3,Saryn Prime Blueprint,Uncommon
Meso C3,Cernos Prime Lower Limb,Rare
Meso C3,Burston Prime Stock,Common
Meso C3,Lex Prime Blueprint,Common
Meso C3,Nami Skyla Prime Blueprint,Common
Meso C4,Mesa Prime Chassis Blueprint,Common
Meso C4,Atlas Prime Systems Blueprint,Uncommon
Meso C4,Chroma Prime Systems Blueprint,Rare
Meso C4,Ivara Prime Neuroptics Blueprint,Common
Meso C4,Braton Prime Stock,Common
Meso C5,Chroma Prime Chassis Blueprint,Uncommon
Meso C5,Corinth Prime Barrel,Rare
Meso C5,Stradavar Prime Stock,Common
Meso C5,Burston Prime Blueprint,Common
Meso C5,Tipedo Prime Blueprint,Common
Meso C6,Nezha Prime Blueprint,Uncommon
Meso C6,Corinth Prime Stock,Rare
Meso C6,Baza Prime Receiver,Common
Meso C6,Burston Prime Blueprint,Common
Meso C6,Lex Prime Barrel,Common
Meso D1,Lex Prime Blueprint,Common
Meso D1,Orthos Prime Blade,Uncommon
Meso D1,Orthos Prime Handle,Common
Meso D1,Dual Kamas Prime Blade,Rare
Meso D2,Valkyr Prime Neuroptics Blueprint,Uncommon
Meso D2,Paris Prime Lower Limb,Common
Meso D2,Lex Prime Receiver,Common
Meso D2,Destreza Prime Blade,Rare
Meso D3,Braton Prime Stock,Common
Meso D3,Akbolto Prime Blueprint,Common
Meso D3,Fang Prime Handle,Common
Meso D3,Destreza Prime Blade,Rare
Meso D3,Kronen Prime Handle,Uncommon
Meso D3,Nami Skyla Prime Handle,Uncommon
Meso D4,Chroma Prime Chassis Blueprint,Uncommon
Meso D4,Akjagara Prime Blueprint,Common
Meso D4,Lex Prime Blueprint,Uncommon
Meso D4,Orthos Prime Handle,Common
Meso D5,Nova Prime Blueprint,Uncommon
Meso D5,Trinity Prime Neuroptics Blueprint,Common
Meso D5,Soma Prime Barrel,Common
Meso D5,Vasto Prime Blueprint,Uncommon
Meso D5,Dual Kamas Prime Blade,Rare
Meso D6,Nezha Prime Blueprint,Uncommon
Meso D6,Octavia Prime Systems Blueprint,Common
Meso D6,Ivara Prime Neuroptics Blueprint,Common
Meso D6,Paris Prime Blueprint,Common
Meso D6,Aksomati Prime Barrel,Uncommon
Meso E1,Frost Prime Chassis Blueprint,Common
Meso E1,Ember Prime Blueprint,Rare
Meso E1,Latron Prime Barrel,Common
Meso E1,Bo Prime Ornament,Common
Meso E2,Equinox Prime Systems Blueprint,Rare
Meso E2,Rubico Prime Stock,Uncommon
Meso E2,Pyrana Prime Barrel,Common
Meso E2,Bronco Prime Blueprint,Common
Meso E2,Akbolto Prime Link,Uncommon
Meso E2,Destreza Prime Handle,Common
Meso E3,Atlas Prime Chassis Blueprint,Uncommon
Meso E3,Equinox Prime Systems Blueprint,Rare
Meso E3,Stradavar Prime Barrel,Uncommon
Meso E3,Bronco Prime Receiver,Common
Meso E3,Destreza Prime Handle,Common
Meso E4,Titania Prime Neuroptics Blueprint,Uncommon
Meso E4,Equinox Prime Systems Blueprint,Rare
Meso E4,Baza Prime Receiver,Common
Meso E4,Paris Prime Blueprint,Common
Meso E4,Tekko Prime Blueprint,Uncommon
Meso E5,Mirage Prime Neuroptics Blueprint,Common
Meso E5,Banshee Prime Blueprint,Uncommon
Meso E5,Euphona Prime Receiver,Rare
Meso F1,Saryn Prime Systems Blueprint,Common
Meso F1,Nekros Prime Neuroptics Blueprint,Uncommon
Meso F1,Paris Prime Lower Limb,Common
Meso F1,Bronco Prime Receiver,Common
Meso F1,Fragor Prime Blueprint,Rare
Meso F1,Dual Kamas Prime Handle,Uncommon
Meso F2,Frost Prime Blueprint,Rare
Meso F2,Ember Prime Chassis Blueprint,Common
Meso F2,Latron Prime Stock,Common
Meso F2,Sicarus Prime Barrel,Common
Meso F2,Reaper Prime Blade,Uncommon
Meso F3,Frost Prime Blueprint,Rare
Meso F3,Loki Prime Blueprint,Common
Meso F3,Ember Prime Neuroptics Blueprint,Common
Meso F3,Reaper Prime Handle,Common
Meso F3,Glaive Prime Disc,Uncommon
Meso G1,Braton Prime Barrel,Common
Meso G1,Ballistica Prime String,Uncommon
Meso G1,Venka Prime Blades,Common
Meso G1,Silva & Aegis Prime Blade,Uncommon
Meso G1,Galatine Prime Blueprint,Rare
Meso G2,Atlas Prime Systems Blueprint,Uncommon
Meso G2,Equinox Prime Chassis Blueprint,Common
Meso G2,Burston Prime Barrel,Uncommon
Meso G2,Guandao Prime Handle,Rare
Meso G2,Orthos Prime Handle,Common
Meso H1,Hydroid Prime Chassis Blueprint,Common
Meso H1,Oberon Prime Blueprint,Uncommon
Meso H1,Mirage Prime Neuroptics Blueprint,Common
Meso H1,Paris Prime Blueprint,Common
Meso H1,Fragor Prime Blueprint,Uncommon
Meso I1,Inaros Prime Neuroptics Blueprint,Rare
Meso I1,Atlas Prime Systems Blueprint,Uncommon
Meso I1,Titania Prime Chassis Blueprint,Common
Meso I1,Corinth Prime Blueprint,Common
Meso I1,Paris Prime Upper Limb,Common
Meso I1,Orthos Prime Blade,Uncommon
Meso K1,Nekros Prime Chassis Blueprint,Common
Meso K1,Tigris Prime Receiver,Uncommon
Meso K1,Cernos Prime Upper Limb,Common
Meso K1,Akstiletto Prime Barrel,Uncommon
Meso K1,Orthos Prime Handle,Common
Meso K1,Kogake Prime Gauntlet,Rare
Meso K2,Chroma Prime Chassis Blueprint,Uncommon
Meso K2,Mirage Prime Chassis Blueprint,Common
Meso K2,Wukong Prime Systems Blueprint,Uncommon
Meso K2,Paris Prime String,Common
Meso K2,Kronen Prime Blade,Rare
Meso K2,Orthos Prime Handle,Common
Meso K3,Wukong Prime Chassis Blueprint,Uncommon
Meso K3,Braton Prime Stock,Common
Meso K3,Ninkondi Prime Blueprint,Common
Meso K3,Karyst Prime Blade,Rare
Meso K3,Orthos Prime Handle,Common
Meso L1,Limbo Prime Chassis Blueprint,Rare
Meso L1,Chroma Prime Chassis Blueprint,Uncommon
Meso L1,Burston Prime Receiver,Common
Meso L1,Ninkondi Prime Blueprint,Common
Meso L1,Tipedo Prime Blueprint,Common
Meso M1,Mag Prime Blueprint,Rare
Meso M1,Rhino Prime Chassis Blueprint,Uncommon
Meso M1,Boar Prime Barrel,Uncommon
Meso M1,Boltor Prime Barrel,Common
Meso M1,Ankyros Prime Gauntlet,Common
Meso M1,Dakra Prime Handle,Common
Meso M2,Mirage Prime Blueprint,Rare
Meso M2,Paris Prime String,Common
Meso M2,Akjagara Prime Link,Uncommon
Meso M2,Fang Prime Blade,Common
Meso M2,Silva & Aegis Prime Blade,Uncommon
Meso M2,Kogake Prime Boot,Common
Meso M3,Equinox Prime Neuroptics Blueprint,Uncommon
Meso M3,Mirage Prime Blueprint,Rare
Meso M3,Paris Prime String,Common
Meso M3,Ballistica Prime Lower Limb,Common
Meso M3,Gram Prime Blade,Common
Meso M3,Kogake Prime Blueprint,Uncommon
Meso N1,Nyx Prime Neuroptics Blueprint,Rare
Meso N1,Braton Prime Stock,Common
Meso N1,Fang Prime Blueprint,Common
Meso N1,Fang Prime Handle,Common
Meso N1,Dual Kamas Prime Handle,Uncommon
Meso N10,Ivara Prime Neuroptics Blueprint,Common
Meso N10,Panthera Prime Stock,Uncommon
Meso N10,Bronco Prime Barrel,Uncommon
Meso N10,Pangolin Prime Handle,Common
Meso N10,Ninkondi Prime Handle,Rare
Meso N10,Tipedo Prime Blueprint,Common
Meso N11,Valkyr Prime Neuroptics Blueprint,Uncommon
Meso N11,Nyx Prime Neuroptics Blueprint,Rare
Meso N11,Cernos Prime Upper Limb,Common
Meso N11,Lex Prime Barrel,Common
Meso N11,Scindo Prime Handle,Common
Meso N2,Ash Prime Neuroptics Blueprint,Uncommon
Meso N2,Vauban Prime Neuroptics Blueprint,Rare
Meso N2,Bronco Prime Blueprint,Common
Meso N2,Hikou Prime Blueprint,Common
Meso N2,Fang Prime Handle,Common
Meso N3,Nekros Prime Blueprint,Rare
Meso N3,Braton Prime Barrel,Common
Meso N3,Burston Prime Stock,Common
Meso N3,Bronco Prime Blueprint,Common
Meso N3,Euphona Prime Barrel,Uncommon
Meso N4,Saryn Prime Systems Blueprint,Common
Meso N4,Oberon Prime Blueprint,Uncommon
Meso N4,Paris Prime Upper Limb,Common
Meso N4,Nikana Prime Blade,Rare
Meso N4,Orthos Prime Handle,Common
Meso N5,Hydroid Prime Blueprint,Uncommon
Meso N5,Nekros Prime Systems Blueprint,Rare
Meso N5,Tigris Prime Receiver,Uncommon
Meso N5,Braton Prime Stock,Common
Meso N5,Lex Prime Receiver,Common
Meso N6,Rhino Prime Chassis Blueprint,Uncommon
Meso N6,Nyx Prime Neuroptics Blueprint,Rare
Meso N6,Boltor Prime Barrel,Common
Meso N6,Hikou Prime Pouch,Common
Meso N6,Scindo Prime Handle,Uncommon
Meso N7,Limbo Prime Systems Blueprint,Common
Meso N7,Pyrana Prime Barrel,Common
Meso N7,Gram Prime Blueprint,Uncommon
Meso N7,Ninkondi Prime Handle,Rare
Meso N7,Kronen Prime Blueprint,Common
Meso N8,Valkyr Prime Blueprint,Common
Meso N8,Valkyr Prime Neuroptics Blueprint,Uncommon
Meso N8,Cernos Prime String,Uncommon
Meso N8,Cernos Prime Upper Limb,Common
Meso N8,Nikana Prime Hilt,Rare
Meso N9,Ivara Prime Blueprint,Uncommon
Meso N9,Paris Prime String,Common
Meso N9,Akjagara Prime Link,Uncommon
Meso N9,Tekko Prime Gauntlet,Common
Meso N9,Ninkondi Prime Handle,Rare
Meso O1,Oberon Prime Neuroptics Blueprint,Rare
Meso O1,Cernos Prime String,Uncommon
Meso O1,Paris Prime Lower Limb,Common
Meso O1,Akbronco Prime Blueprint,Common
Meso O1,Akstiletto Prime Link,Uncommon
Meso O2,Oberon Prime Neuroptics Blueprint,Rare
Meso O2,Mirage Prime Systems Blueprint,Uncommon
Meso O2,Cernos Prime Upper Limb,Common
Meso O2,Tiberon Prime Receiver,Common
Meso O2,Paris Prime Lower Limb,Common
Meso O2,Akbronco Prime Link,Uncommon
Meso O3,Loki Prime Neuroptics Blueprint,Common
Meso O3,Volt Prime Chassis Blueprint,Uncommon
Meso O4,Nekros Prime Neuroptics Blueprint,Uncommon
Meso O4,Oberon Prime Neuroptics Blueprint,Rare
Meso O4,Fang Prime Blueprint,Common
Meso O4,Silva & Aegis Prime Hilt,Common
Meso O4,Galatine Prime Handle,Uncommon
Meso P1,Oberon Prime Chassis Blueprint,Common
Meso P1,Chroma Prime Blueprint,Common
Meso P1,Pyrana Prime Blueprint,Rare
Meso P1,Bronco Prime Receiver,Common
Meso P1,Ballistica Prime Receiver,Uncommon
Meso P1,Silva & Aegis Prime Blueprint,Uncommon
Meso P2,Ivara Prime Systems Blueprint,Uncommon
Meso P2,Baza Prime Receiver,Common
Meso P2,Panthera Prime Receiver,Rare
Meso P2,Zhuge Prime Blueprint,Uncommon
Meso P2,Braton Prime Receiver,Common
Meso P3,Mesa Prime Blueprint,Uncommon
Meso P3,Zhuge Prime Grip,Common
Meso P3,Lex Prime Blueprint,Common
Meso P3,Pangolin Prime Blueprint,Rare
Meso P3,Karyst Prime Blueprint,Common
Meso P4,Titania Prime Neuroptics Blueprint,Uncommon
Meso P4,Corinth Prime Receiver,Uncommon
Meso P4,Panthera Prime Barrel,Rare
Meso P4,Braton Prime Barrel,Common
Meso P4,Burston Prime Blueprint,Common
Meso P5,Gara Prime Neuroptics Blueprint,Uncommon
Meso P5,Tenora Prime Blueprint,Common
Meso P5,Panthera Prime Receiver,Rare
Meso P5,Zakti Prime Receiver,Common
Meso P5,Orthos Prime Handle,Common
Meso P6,Trinity Prime Blueprint,Uncommon
Meso P6,Braton Prime Blueprint,Common
Meso P6,Pyrana Prime Blueprint,Rare
Meso R1,Rubico Prime Blueprint,Rare
Meso R1,Tiberon Prime Receiver,Common
Meso R1,Paris Prime Upper Limb,Common
Meso R1,Braton Prime Blueprint,Common
Meso R1,Akbronco Prime Link,Uncommon
Meso R1,Ballistica Prime String,Uncommon
Meso R2,Mesa Prime Blueprint,Uncommon
Meso R2,Rubico Prime Blueprint,Rare
Meso R2,Aksomati Prime Blueprint,Common
Meso R2,Fang Prime Blueprint,Common
Meso R2,Destreza Prime Blueprint,Uncommon
Meso R3,Rubico Prime Blueprint,Rare
Meso R3,Zhuge Prime Grip,Common
Meso R3,Akjagara Prime Blueprint,Common
Meso R3,Bronco Prime Barrel,Uncommon
Meso R3,Pangolin Prime Handle,Common
Meso R4,Zephyr Prime Chassis Blueprint,Common
Meso R4,Chroma Prime Systems Blueprint,Uncommon
Meso R4,Rubico Prime Blueprint,Rare
Meso R4,Braton Prime Barrel,Common
Meso R4,Gram Prime Blade,Common
Meso S1,Nova Prime Systems Blueprint,Common
Meso S1,Soma Prime Stock,Rare
Meso S1,Tigris Prime Stock,Common
Meso S1,Paris Prime Upper Limb,Uncommon
Meso S1,Paris Prime Blueprint,Common
Meso S10,Titania Prime Blueprint,Uncommon
Meso S10,Strun Prime Blueprint,Rare
Meso S10,Corinth Prime Blueprint,Common
Meso S10,Paris Prime String,Common
Meso S10,Aksomati Prime Barrel,Uncommon
Meso S2,Saryn Prime Chassis Blueprint,Rare
Meso S2,Paris Prime String,Common
Meso S2,Paris Prime Grip,Uncommon
Meso S2,Bronco Prime Blueprint,Common
Meso S2,Galatine Prime Blade,Common
Meso S3,Ash Prime Blueprint,Uncommon
Meso S3,Valkyr Prime Blueprint,Common
Meso S3,Nekros Prime Chassis Blueprint,Common
Meso S3,Akbronco Prime Blueprint,Common
Meso S3,Spira Prime Pouch,Rare
Meso S4,Saryn Prime Blueprint,Rare
Meso S4,Trinity Prime Blueprint,Uncommon
Meso S4,Banshee Prime Neuroptics Blueprint,Common
Meso S4,Fang Prime Blueprint,Common
Meso S4,Fang Prime Handle,Uncommon
Meso S4,Galatine Prime Blade,Common
Meso S5,Saryn Prime Neuroptics Blueprint,Uncommon
Meso S5,Braton Prime Barrel,Common
Meso S5,Burston Prime Stock,Common
Meso S5,Sybaris Prime Barrel,Rare
Meso S5,Lex Prime Barrel,Common
Meso S6,Valkyr Prime Blueprint,Common
Meso S6,Tigris Prime Receiver,Uncommon
Meso S6,Cernos Prime String,Uncommon
Meso S6,Spira Prime Blade,Rare
Meso S6,Galatine Prime Blade,Common
Meso S7,Cernos Prime Upper Limb,Common
Meso S7,Paris Prime Grip,Uncommon
Meso S7,Sybaris Prime Barrel,Rare
Meso S7,Venka Prime Blades,Common
Meso S7,Nami Skyla Prime Handle,Uncommon
Meso S8,Burston Prime Barrel,Uncommon
Meso S8,Sybaris Prime Barrel,Rare
Meso S8,Bronco Prime Receiver,Common
Meso S8,Ballistica Prime Upper Limb,Uncommon
Meso S8,Gram Prime Blade,Common
Meso S9,Saryn Prime Neuroptics Blueprint,Uncommon
Meso S9,Braton Prime Blueprint,Common
Meso S9,Lex Prime Barrel,Common
Meso S9,Spira Prime Pouch,Rare
Meso S9,Spira Prime Blueprint,Common
Meso T1,Tiberon Prime Barrel,Rare
Meso T1,Paris Prime Upper Limb,Uncommon
Meso T1,Braton Prime Stock,Common
Meso T1,Burston Prime Receiver,Common
Meso T1,Fang Prime Blueprint,Common
Meso T2,Banshee Prime Blueprint,Uncommon
Meso T2,Tigris Prime Receiver,Uncommon
Meso T2,Tiberon Prime Stock,Rare
Meso T2,Paris Prime Lower Limb,Common
Meso T2,Lex Prime Barrel,Common
Meso T3,Limbo Prime Blueprint,Uncommon
Meso T3,Chroma Prime Chassis Blueprint,Uncommon
Meso T3,Tiberon Prime Stock,Rare
Meso T3,Paris Prime Lower Limb,Common
Meso T3,Lex Prime Barrel,Common
Meso T4,Wukong Prime Systems Blueprint,Uncommon
Meso T4,Tenora Prime Receiver,Rare
Meso T4,Zhuge Prime Grip,Common
Meso T4,Paris Prime Grip,Uncommon
Meso T4,Ninkondi Prime Blueprint,Common
Meso T5,Tenora Prime Barrel,Rare
Meso T5,Astilla Prime Stock,Uncommon
Meso T5,Panthera Prime Stock,Uncommon
Meso T5,Paris Prime Upper Limb,Common
Meso T5,Tekko Prime Gauntlet,Common
Meso V1,Vectis Prime Receiver,Rare
Meso V1,Braton Prime Blueprint,Uncommon
Meso V1,Burston Prime Blueprint,Common
Meso V1,Spira Prime Blueprint,Common
Meso V2,Ash Prime Chassis Blueprint,Common
Meso V2,Volt Prime Chassis Blueprint,Uncommon
Meso V2,Paris Prime Blueprint,Common
Meso V2,Vasto Prime Receiver,Common
Meso V2,Nikana Prime Blade,Rare
Meso V3,Volt Prime Chassis Blueprint,Uncommon
Meso V3,Valkyr Prime Systems Blueprint,Rare
Meso V3,Spira Prime Blueprint,Common
Meso V4,Ash Prime Neuroptics Blueprint,Uncommon
Meso V4,Valkyr Prime Neuroptics Blueprint,Uncommon
Meso V4,Vauban Prime Chassis Blueprint,Rare
Meso V4,Lex Prime Barrel,Common
Meso V5,Cernos Prime Grip,Common
Meso V5,Spira Prime Blueprint,Common
Meso V5,Bronco Prime Blueprint,Common
Meso V5,Euphona Prime Barrel,Uncommon
Meso V5,Venka Prime Gauntlet,Rare
Meso V5,Silva & Aegis Prime Blueprint,Uncommon
Meso V6,Vauban Prime Blueprint,Uncommon
Meso V6,Vectis Prime Receiver,Rare
Meso V6,Braton Prime Barrel,Common
Meso V6,Akstiletto Prime Barrel,Common
Meso W1,Zephyr Prime Chassis Blueprint,Uncommon
Meso W1,Wukong Prime Blueprint,Rare
Meso W1,Zhuge Prime String,Common
Meso W1,Tekko Prime Gauntlet,Common
Meso W1,Fang Prime Handle,Uncommon
Meso W1,Tipedo Prime Blueprint,Common
Meso Z1,Limbo Prime Blueprint,Uncommon
Meso Z1,Zephyr Prime Blueprint,Rare
Meso Z1,Burston Prime Receiver,Common
Meso Z1,Fang Prime Blueprint,Common
Meso Z2,Zephyr Prime Systems Blueprint,Rare
Meso Z2,Hydroid Prime Blueprint,Uncommon
Meso Z2,Rubico Prime Barrel,Uncommon
Meso Z2,Braton Prime Blueprint,Common
Meso Z2,Sybaris Prime Blueprint,Common
Meso Z2,Redeemer Prime Blade,Common
Meso Z3,Zephyr Prime Systems Blueprint,Rare
Meso Z3,Chroma Prime Blueprint,Common
Meso Z3,Rubico Prime Barrel,Uncommon
Meso Z3,Stradavar Prime Receiver,Common
Meso Z3,Akjagara Prime Link,Uncommon
Meso Z4,Titania Prime Chassis Blueprint,Common
Meso Z4,Tenora Prime Stock,Uncommon
Meso Z4,Zakti Prime Blueprint,Rare
Meso Z4,Bronco Prime Barrel,Uncommon
Meso Z4,Volnus Prime Blueprint,Common
Neo A1,Cernos Prime String,Uncommon
Neo A1,Vectis Prime Blueprint,Uncommon
Neo A1,Braton Prime Barrel,Common
Neo A1,Akstiletto Prime Blueprint,Rare
Neo A2,Limbo Prime Systems Blueprint,Common
Neo A2,Zephyr Prime Chassis Blueprint,Uncommon
Neo A2,Pyrana Prime Barrel,Common
Neo A2,Akbolto Prime Receiver,Rare
Neo A2,Kronen Prime Blueprint,Common
Neo A3,Mesa Prime Chassis Blueprint,Common
Neo A3,Atlas Prime Systems Blueprint,Uncommon
Neo A3,Equinox Prime Neuroptics Blueprint,Uncommon
Neo A3,Zhuge Prime Grip,Common
Neo A3,Akjagara Prime Barrel,Rare
Neo A3,Lex Prime Barrel,Common
Neo A4,Ash Prime Neuroptics Blueprint,Uncommon
Neo A4,Vauban Prime Chassis Blueprint,Common
Neo A4,Vectis Prime Blueprint,Uncommon
Neo A4,Akstiletto Prime Blueprint,Rare
Neo A5,Gara Prime Systems Blueprint,Common
Neo A5,Atlas Prime Neuroptics Blueprint,Rare
Neo A5,Octavia Prime Chassis Blueprint,Uncommon
Neo A5,Paris Prime String,Common
Neo A5,Karyst Prime Handle,Uncommon
Neo A6,Hydroid Prime Blueprint,Uncommon
Neo A6,Burston Prime Blueprint,Common
Neo A6,Akjagara Prime Barrel,Rare
Neo A6,Ballistica Prime String,Uncommon
Neo B1,Trinity Prime Systems Blueprint,Common
Neo B1,Banshee Prime Chassis Blueprint,Rare
Neo B1,Vectis Prime Stock,Uncommon
Neo B1,Paris Prime String,Common
Neo B1,Burston Prime Barrel,Uncommon
Neo B1,Bronco Prime Receiver,Common
Neo B2,Banshee Prime Chassis Blueprint,Rare
Neo B2,Tigris Prime Stock,Common
Neo B2,Braton Prime Stock,Common
Neo B2,Venka Prime Blueprint,Uncommon
Neo B2,Fang Prime Blueprint,Common
Neo B3,Mag Prime Chassis Blueprint,Uncommon
Neo B3,Rhino Prime Systems Blueprint,Common
Neo B3,Boar Prime Blueprint,Common
Neo B3,Boltor Prime Blueprint,Rare
Neo B3,Dakra Prime Blade,Uncommon
Neo B4,Hydroid Prime Chassis Blueprint,Common
Neo B4,Banshee Prime Systems Blueprint,Rare
Neo B4,Tigris Prime Barrel,Uncommon
Neo B4,Burston Prime Stock,Common
Neo B4,Kronen Prime Handle,Uncommon
Neo B5,Oberon Prime Blueprint,Uncommon
Neo B5,Banshee Prime Systems Blueprint,Rare
Neo B5,Braton Prime Barrel,Common
Neo B5,Ballistica Prime Lower Limb,Common
Neo B5,Destreza Prime Blueprint,Uncommon
Neo B6,Mirage Prime Neuroptics Blueprint,Common
Neo B6,Banshee Prime Chassis Blueprint,Rare
Neo B6,Akbolto Prime Link,Uncommon
Neo B6,Euphona Prime Blueprint,Common
Neo B6,Kogake Prime Blueprint,Uncommon
Neo B7,Tenora Prime Blueprint,Common
Neo B7,Baza Prime Stock,Rare
Neo B7,Braton Prime Blueprint,Common
Neo B7,Aksomati Prime Receiver,Common
Neo B7,Tekko Prime Blueprint,Uncommon
Neo C1,Mesa Prime Chassis Blueprint,Common
Neo C1,Limbo Prime Systems Blueprint,Common
Neo C1,Chroma Prime Systems Blueprint,Rare
Neo C1,Pyrana Prime Receiver,Uncommon
Neo C1,Redeemer Prime Blueprint,Uncommon
Neo C1,Kronen Prime Blueprint,Common
Neo D1,Mag Prime Systems Blueprint,Common
Neo D1,Trinity Prime Neuroptics Blueprint,Uncommon
Neo D1,Boar Prime Blueprint,Common
Neo D1,Vasto Prime Barrel,Common
Neo D1,Dakra Prime Blade,Rare
Neo D2,Nezha Prime Systems Blueprint,Common
Neo D2,Titania Prime Blueprint,Uncommon
Neo D2,Equinox Prime Neuroptics Blueprint,Uncommon
Neo D2,Braton Prime Stock,Common
Neo D3,Nezha Prime Systems Blueprint,Common
Neo D3,Paris Prime Lower Limb,Common
Neo D3,Akbronco Prime Blueprint,Common
Neo D3,Zakti Prime Barrel,Uncommon
Neo D4,Limbo Prime Blueprint,Uncommon
Neo D4,Trinity Prime Systems Blueprint,Common
Neo D4,Braton Prime Barrel,Common
Neo E1,Frost Prime Neuroptics Blueprint,Common
Neo E1,Loki Prime Neuroptics Blueprint,Common
Neo E1,Ember Prime Blueprint,Rare
Neo E1,Reaper Prime Blade,Uncommon
Neo E2,Atlas Prime Chassis Blueprint,Uncommon
Neo E2,Equinox Prime Systems Blueprint,Rare
Neo E2,Corinth Prime Blueprint,Common
Neo E2,Burston Prime Receiver,Common
Neo E2,Zakti Prime Barrel,Uncommon
Neo F1,Frost Prime Blueprint,Rare
Neo F1,Ember Prime Chassis Blueprint,Common
Neo F1,Sicarus Prime Barrel,Common
Neo F1,Sicarus Prime Blueprint,Common
Neo F1,Bo Prime Handle,Uncommon
Neo G1,Hydroid Prime Neuroptics Blueprint,Uncommon
Neo G1,Mirage Prime Neuroptics Blueprint,Common
Neo G1,Paris Prime Grip,Uncommon
Neo G1,Gram Prime Handle,Rare
Neo G1,Kogake Prime Boot,Common
Neo G2,Zhuge Prime Blueprint,Uncommon
Neo G2,Pyrana Prime Receiver,Uncommon
Neo G2,Gram Prime Handle,Rare
Neo G2,Redeemer Prime Blade,Common
Neo G3,Burston Prime Receiver,Common
Neo G3,Sybaris Prime Receiver,Uncommon
Neo G3,Fang Prime Blade,Common
Neo G3,Silva & Aegis Prime Blueprint,Uncommon
Neo G3,Galatine Prime Blueprint,Rare
Neo H1,Hydroid Prime Systems Blueprint,Rare
Neo H1,Banshee Prime Blueprint,Uncommon
Neo H1,Tigris Prime Barrel,Uncommon
Neo H1,Burston Prime Receiver,Common
Neo H1,Fragor Prime Head,Common
Neo H1,Orthos Prime Handle,Common
Neo H2,Hydroid Prime Systems Blueprint,Rare
Neo H2,Rubico Prime Barrel,Uncommon
Neo H2,Burston Prime Stock,Common
Neo H2,Ballistica Prime Receiver,Uncommon
Neo H2,Euphona Prime Blueprint,Common
Neo H2,Fang Prime Blueprint,Common
Neo H3,Mesa Prime Systems Blueprint,Uncommon
Neo H3,Hydroid Prime Systems Blueprint,Rare
Neo H3,Ballistica Prime Lower Limb,Common
Neo H3,Fang Prime Handle,Common
Neo H3,Nami Skyla Prime Handle,Uncommon
Neo I1,Limbo Prime Blueprint,Uncommon
Neo I1,Ivara Prime Chassis Blueprint,Rare
Neo I1,Wukong Prime Neuroptics Blueprint,Common
Neo I1,Zhuge Prime String,Common
Neo I1,Akjagara Prime Receiver,Uncommon
Neo I1,Fang Prime Blade,Common
Neo I2,Ivara Prime Chassis Blueprint,Rare
Neo I2,Wukong Prime Systems Blueprint,Uncommon
Neo I2,Stradavar Prime Barrel,Uncommon
Neo I2,Burston Prime Receiver,Common
Neo K1,Valkyr Prime Blueprint,Common
Neo K1,Zephyr Prime Chassis Blueprint,Uncommon
Neo K1,Euphona Prime Blueprint,Common
Neo K1,Silva & Aegis Prime Hilt,Common
Neo K1,Kogake Prime Gauntlet,Rare
Neo K2,Chroma Prime Blueprint,Common
Neo K2,Mirage Prime Systems Blueprint,Uncommon
Neo K2,Banshee Prime Neuroptics Blueprint,Common
Neo K2,Braton Prime Barrel,Common
Neo K2,Akbolto Prime Link,Uncommon
Neo K2,Kogake Prime Gauntlet,Rare
Neo K3,Rubico Prime Receiver,Common
Neo K3,Tiberon Prime Barrel,Uncommon
Neo K3,Braton Prime Receiver,Uncommon
Neo K3,Burston Prime Blueprint,Common
Neo K3,Kronen Prime Blade,Rare
Neo L1,Limbo Prime Chassis Blueprint,Rare
Neo L1,Mirage Prime Chassis Blueprint,Common
Neo L1,Ballistica Prime Receiver,Uncommon
Neo L1,Euphona Prime Blueprint,Common
Neo L1,Silva & Aegis Prime Blade,Uncommon
Neo L1,Kronen Prime Blueprint,Common
Neo M1,Mirage Prime Blueprint,Rare
Neo M1,Paris Prime String,Common
Neo M1,Bronco Prime Blueprint,Common
Neo M1,Akbolto Prime Blueprint,Common
Neo M1,Euphona Prime Barrel,Uncommon
Neo M2,Mesa Prime Systems Blueprint,Rare
Neo M2,Limbo Prime Blueprint,Uncommon
Neo M2,Burston Prime Stock,Common
Neo M2,Akbronco Prime Blueprint,Common
Neo M2,Bronco Prime Barrel,Uncommon
Neo M3,Mesa Prime Systems Blueprint,Rare
Neo M3,Atlas Prime Chassis Blueprint,Uncommon
Neo M3,Titania Prime Chassis Blueprint,Common
Neo M3,Ivara Prime Neuroptics Blueprint,Common
Neo M3,Bronco Prime Receiver,Common
Neo N1,Nyx Prime Chassis Blueprint,Rare
Neo N1,Soma Prime Receiver,Uncommon
Neo N1,Vectis Prime Barrel,Common
Neo N1,Hikou Prime Stars,Common
Neo N10,Zephyr Prime Neuroptics Blueprint,Common
Neo N10,Ballistica Prime Upper Limb,Uncommon
Neo N10,Redeemer Prime Blade,Common
Neo N10,Nami Skyla Prime Blade,Rare
Neo N10,Tipedo Prime Ornament,Uncommon
Neo N11,Nekros Prime Systems Blueprint,Rare
Neo N11,Oberon Prime Systems Blueprint,Uncommon
Neo N11,Tigris Prime Stock,Common
Neo N11,Braton Prime Barrel,Common
Neo N11,Sybaris Prime Blueprint,Common
Neo N12,Nova Prime Chassis Blueprint,Rare
Neo N12,Trinity Prime Systems Blueprint,Common
Neo N12,Soma Prime Blueprint,Common
Neo N12,Vasto Prime Receiver,Common
Neo N12,Dual Kamas Prime Handle,Uncommon
Neo N13,Inaros Prime Systems Blueprint,Common
Neo N13,Nezha Prime Chassis Blueprint,Rare
Neo N13,Wukong Prime Chassis Blueprint,Uncommon
Neo N13,Aksomati Prime Blueprint,Common
Neo N13,Pangolin Prime Handle,Common
Neo N14,Titania Prime Chassis Blueprint,Common
Neo N14,Zhuge Prime Receiver,Uncommon
Neo N14,Braton Prime Receiver,Uncommon
Neo N14,Bronco Prime Receiver,Common
Neo N14,Ninkondi Prime Handle,Rare
Neo N15,Atlas Prime Systems Blueprint,Uncommon
Neo N15,Nezha Prime Neuroptics Blueprint,Rare
Neo N15,Baza Prime Barrel,Uncommon
Neo N15,Paris Prime Blueprint,Common
Neo N15,Akbronco Prime Blueprint,Common
Neo N16,Nidus Prime Neuroptics Blueprint,Rare
Neo N16,Nezha Prime Systems Blueprint,Common
Neo N16,Burston Prime Stock,Common
Neo N16,Pandero Prime Barrel,Uncommon
Neo N16,Orthos Prime Blade,Uncommon
Neo N17,Nezha Prime Chassis Blueprint,Rare
Neo N17,Strun Prime Stock,Uncommon
Neo N17,Paris Prime Upper Limb,Common
Neo N17,Burston Prime Receiver,Common
Neo N17,Pangolin Prime Handle,Common
Neo N2,Nova Prime Blueprint,Uncommon
Neo N2,Vauban Prime Systems Blueprint,Rare
Neo N2,Lex Prime Blueprint,Common
Neo N2,Vasto Prime Barrel,Common
Neo N2,Fang Prime Blueprint,Common
Neo N3,Ash Prime Neuroptics Blueprint,Uncommon
Neo N3,Nekros Prime Systems Blueprint,Rare
Neo N3,Paris Prime String,Common
Neo N3,Lex Prime Barrel,Common
Neo N3,Fang Prime Handle,Uncommon
Neo N4,Ash Prime Chassis Blueprint,Common
Neo N4,Paris Prime String,Common
Neo N4,Braton Prime Stock,Common
Neo N4,Venka Prime Blueprint,Uncommon
Neo N4,Nikana Prime Blade,Rare
Neo N5,Saryn Prime Systems Blueprint,Common
Neo N5,Ash Prime Systems Blueprint,Uncommon
Neo N5,Akstiletto Prime Link,Uncommon
Neo N5,Nikana Prime Blueprint,Rare
Neo N6,Trinity Prime Blueprint,Uncommon
Neo N6,Cernos Prime Upper Limb,Common
Neo N6,Sybaris Prime Receiver,Uncommon
Neo N6,Bronco Prime Receiver,Common
Neo N6,Nikana Prime Hilt,Rare
Neo N6,Galatine Prime Blade,Common
Neo N7,Valkyr Prime Neuroptics Blueprint,Uncommon
Neo N7,Trinity Prime Neuroptics Blueprint,Common
Neo N7,Nekros Prime Systems Blueprint,Rare
Neo N7,Banshee Prime Blueprint,Uncommon
Neo N7,Euphona Prime Blueprint,Common
Neo N7,Venka Prime Blades,Common
Neo N8,Hydroid Prime Chassis Blueprint,Common
Neo N8,Paris Prime String,Common
Neo N8,Sybaris Prime Blueprint,Common
Neo N8,Akbolto Prime Link,Uncommon
Neo N8,Nami Skyla Prime Blade,Rare
Neo N9,Nova Prime Chassis Blueprint,Rare
Neo N9,Mag Prime Neuroptics Blueprint,Common
Neo N9,Soma Prime Receiver,Uncommon
Neo N9,Boar Prime Blueprint,Common
Neo N9,Dakra Prime Handle,Common
Neo O1,Volt Prime Blueprint,Common
Neo O1,Volt Prime Systems Blueprint,Uncommon
Neo O1,Aklex Prime Blueprint,Uncommon
Neo P1,Rubico Prime Stock,Uncommon
Neo P1,Paris Prime Lower Limb,Common
Neo P1,Akjagara Prime Receiver,Uncommon
Neo P1,Pangolin Prime Blueprint,Rare
Neo P1,Ninkondi Prime Blueprint,Common
Neo P1,Redeemer Prime Blade,Common
Neo P2,Titania Prime Blueprint,Uncommon
Neo P2,Braton Prime Stock,Common
Neo P2,Pandero Prime Receiver,Rare
Neo P2,Aksomati Prime Receiver,Common
Neo P2,Guandao Prime Blade,Common
Neo P3,Inaros Prime Chassis Blueprint,Uncommon
Neo P3,Astilla Prime Stock,Uncommon
Neo P3,Panthera Prime Blueprint,Common
Neo P3,Lex Prime Blueprint,Common
Neo P3,Pangolin Prime Blueprint,Rare
Neo P3,Orthos Prime Handle,Common
Neo R1,Rhino Prime Blueprint,Rare
Neo R1,Nyx Prime Chassis Blueprint,Uncommon
Neo R1,Boltor Prime Receiver,Uncommon
Neo R1,Hikou Prime Blueprint,Common
Neo R1,Ankyros Prime Gauntlet,Common
Neo R2,Rubico Prime Blueprint,Rare
Neo R2,Tiberon Prime Blueprint,Uncommon
Neo R2,Paris Prime Grip,Uncommon
Neo R2,Braton Prime Stock,Common
Neo R2,Ninkondi Prime Blueprint,Common
Neo R3,Limbo Prime Systems Blueprint,Common
Neo R3,Baza Prime Receiver,Common
Neo R3,Paris Prime Grip,Uncommon
Neo R3,Burston Prime Blueprint,Common
Neo R3,Ninkondi Prime Chain,Uncommon
Neo R3,Redeemer Prime Handle,Rare
Neo R4,Mesa Prime Chassis Blueprint,Common
Neo R4,Corinth Prime Receiver,Uncommon
Neo R4,Braton Prime Stock,Common
Neo R4,Aksomati Prime Blueprint,Common
Neo R4,Ninkondi Prime Chain,Uncommon
Neo R4,Redeemer Prime Handle,Rare
Neo S1,Saryn Prime Blueprint,Rare
Neo S1,Trinity Prime Chassis Blueprint,Uncommon
Neo S1,Soma Prime Blueprint,Common
Neo S1,Lex Prime Barrel,Common
Neo S10,Saryn Prime Chassis Blueprint,Rare
Neo S10,Saryn Prime Systems Blueprint,Common
Neo S10,Braton Prime Stock,Common
Neo S10,Lex Prime Blueprint,Common
Neo S10,Spira Prime Blade,Uncommon
Neo S10,Nikana Prime Blade,Uncommon
Neo S11,Hydroid Prime Chassis Blueprint,Common
Neo S11,Stradavar Prime Blueprint,Rare
Neo S11,Bronco Prime Receiver,Common
Neo S11,Fang Prime Blade,Common
Neo S11,Kronen Prime Handle,Uncommon
Neo S12,Mirage Prime Systems Blueprint,Uncommon
Neo S12,Wukong Prime Chassis Blueprint,Uncommon
Neo S12,Stradavar Prime Blueprint,Rare
Neo S12,Paris Prime Upper Limb,Common
Neo S12,Fang Prime Blade,Common
Neo S12,Redeemer Prime Blade,Common
Neo S13,Saryn Prime Chassis Blueprint,Rare
Neo S13,Saryn Prime Systems Blueprint,Common
Neo S13,Cernos Prime Blueprint,Uncommon
Neo S13,Spira Prime Blueprint,Common
Neo S13,Nikana Prime Blueprint,Common
Neo S14,Stradavar Prime Blueprint,Rare
Neo S14,Fang Prime Handle,Uncommon
Neo S14,Pangolin Prime Blade,Uncommon
Neo S14,Ninkondi Prime Blueprint,Common
Neo S14,Karyst Prime Blueprint,Common
Neo S2,Nova Prime Systems Blueprint,Common
Neo S2,Saryn Prime Chassis Blueprint,Rare
Neo S2,Nyx Prime Systems Blueprint,Uncommon
Neo S2,Paris Prime Lower Limb,Common
Neo S2,Paris Prime Upper Limb,Uncommon
Neo S2,Burston Prime Stock,Common
Neo S3,Soma Prime Barrel,Common
Neo S3,Burston Prime Receiver,Common
Neo S3,Spira Prime Blade,Rare
Neo S3,Vasto Prime Blueprint,Uncommon
Neo S5,Frost Prime Systems Blueprint,Uncommon
Neo S5,Ember Prime Neuroptics Blueprint,Common
Neo S5,Latron Prime Receiver,Common
Neo S5,Sicarus Prime Receiver,Rare
Neo S5,Reaper Prime Blueprint,Common
Neo S5,Glaive Prime Disc,Uncommon
Neo S6,Trinity Prime Neuroptics Blueprint,Common
Neo S6,Tigris Prime Receiver,Uncommon
Neo S6,Burston Prime Blueprint,Common
Neo S6,Silva & Aegis Prime Guard,Rare
Neo S7,Banshee Prime Neuroptics Blueprint,Common
Neo S7,Sybaris Prime Receiver,Uncommon
Neo S7,Ballistica Prime Receiver,Uncommon
Neo S7,Fang Prime Blade,Common
Neo S7,Silva & Aegis Prime Guard,Rare
Neo S8,Hydroid Prime Chassis Blueprint,Common
Neo S8,Spira Prime Pouch,Rare
Neo S8,Bronco Prime Receiver,Common
Neo S8,Nikana Prime Blueprint,Uncommon
Neo S8,Fragor Prime Blueprint,Uncommon
Neo S9,Mirage Prime Neuroptics Blueprint,Common
Neo S9,Akjagara Prime Blueprint,Common
Neo S9,Bronco Prime Blueprint,Common
Neo S9,Destreza Prime Blueprint,Uncommon
Neo S9,Silva & Aegis Prime Guard,Rare
Neo T1,Banshee Prime Blueprint,Uncommon
Neo T1,Tigris Prime Blueprint,Rare
Neo T1,Burston Prime Blueprint,Common
Neo T1,Fragor Prime Handle,Uncommon
Neo T1,Dual Kamas Prime Blueprint,Common
Neo T2,Wukong Prime Neuroptics Blueprint,Common
Neo T2,Akbronco Prime Blueprint,Common
Neo T2,Tekko Prime Blade,Rare
Neo T2,Fang Prime Blueprint,Common
Neo T3,Inaros Prime Chassis Blueprint,Uncommon
Neo T3,Atlas Prime Chassis Blueprint,Uncommon
Neo T3,Titania Prime Systems Blueprint,Rare
Neo T3,Braton Prime Blueprint,Common
Neo T3,Redeemer Prime Blade,Common
Neo T4,Ivara Prime Neuroptics Blueprint,Common
Neo T4,Tenora Prime Receiver,Rare
Neo T4,Astilla Prime Blueprint,Uncommon
Neo T4,Braton Prime Stock,Common
Neo T4,Guandao Prime Blueprint,Uncommon
Neo T5,Inaros Prime Systems Blueprint,Common
Neo T5,Corinth Prime Receiver,Uncommon
Neo T5,Tenora Prime Barrel,Rare
Neo T5,Braton Prime Barrel,Common
Neo T5,Magnus Prime Receiver,Uncommon
Neo T5,Aksomati Prime Receiver,Common
Neo V1,Nova Prime Chassis Blueprint,Rare
Neo V1,Volt Prime Blueprint,Uncommon
Neo V1,Nyx Prime Blueprint,Common
Neo V1,Bronco Prime Barrel,Uncommon
Neo V1,Dual Kamas Prime Blueprint,Common
Neo V10,Inaros Prime Chassis Blueprint,Uncommon
Neo V10,Braton Prime Receiver,Common
Neo V10,Akbronco Prime Link,Uncommon
Neo V10,Guandao Prime Blade,Common
Neo V10,Volnus Prime Handle,Rare
Neo V2,Vauban Prime Blueprint,Rare
Neo V2,Braton Prime Stock,Common
Neo V2,Fang Prime Handle,Common
Neo V2,Galatine Prime Handle,Uncommon
Neo V2,Galatine Prime Blade,Common
Neo V3,Vauban Prime Neuroptics Blueprint,Rare
Neo V3,Tigris Prime Receiver,Uncommon
Neo V3,Paris Prime String,Common
Neo V3,Galatine Prime Blade,Common
Neo V4,Saryn Prime Neuroptics Blueprint,Uncommon
Neo V4,Ash Prime Neuroptics Blueprint,Uncommon
Neo V4,Tigris Prime Stock,Common
Neo V4,Cernos Prime Grip,Common
Neo V4,Bronco Prime Receiver,Common
Neo V4,Venka Prime Gauntlet,Rare
Neo V5,Vauban Prime Neuroptics Blueprint,Rare
Neo V5,Paris Prime String,Common
Neo V5,Burston Prime Barrel,Uncommon
Neo V5,Silva & Aegis Prime Hilt,Common
Neo V6,Vauban Prime Chassis Blueprint,Rare
Neo V6,Mirage Prime Systems Blueprint,Uncommon
Neo V6,Cernos Prime Grip,Common
Neo V6,Burston Prime Stock,Common
Neo V6,Fragor Prime Handle,Uncommon
Neo V7,Valkyr Prime Chassis Blueprint,Rare
Neo V7,Banshee Prime Blueprint,Uncommon
Neo V7,Cernos Prime Blueprint,Uncommon
Neo V7,Pyrana Prime Barrel,Common
Neo V7,Akbolto Prime Blueprint,Common
Neo V8,Loki Prime Blueprint,Common
Neo V8,Volt Prime Neuroptics Blueprint,Rare
Neo V8,Bo Prime Handle,Uncommon
Neo V9,Valkyr Prime Chassis Blueprint,Rare
Neo V9,Nyx Prime Blueprint,Common
Neo V9,Cernos Prime Blueprint,Uncommon
Neo V9,Lex Prime Blueprint,Uncommon
Neo V9,Venka Prime Blades,Common
Neo Z1,Zephyr Prime Blueprint,Rare
Neo Z1,Nekros Prime Chassis Blueprint,Common
Neo Z1,Paris Prime Blueprint,Common
Neo Z1,Orthos Prime Handle,Common
Neo Z1,Galatine Prime Handle,Uncommon
Neo Z2,Mesa Prime Blueprint,Uncommon
Neo Z2,Zephyr Prime Blueprint,Rare
Neo Z2,Braton Prime Stock,Common
Neo Z2,Lex Prime Blueprint,Common
Neo Z2,Pyrana Prime Receiver,Uncommon
Neo Z2,Akbolto Prime Blueprint,Common
Neo Z3,Mesa Prime Blueprint,Uncommon
Neo Z3,Zephyr Prime Neuroptics Blueprint,Common
Neo Z3,Zhuge Prime Barrel,Rare
Neo Z3,Akjagara Prime Receiver,Uncommon
Neo Z3,Bronco Prime Receiver,Common
Neo Z4,Zephyr Prime Blueprint,Rare
Neo Z4,Paris Prime String,Common
Neo Z4,Burston Prime Stock,Common
Neo Z4,Redeemer Prime Blueprint,Uncommon
Neo Z4,Kronen Prime Blueprint,Common
Neo Z5,Zhuge Prime Barrel,Rare
Neo Z5,Burston Prime Stock,Common
Neo Z5,Akjagara Prime Blueprint,Common
Neo Z5,Lex Prime Barrel,Common
Neo Z5,Aksomati Prime Barrel,Uncommon
Neo Z6,Titania Prime Neuroptics Blueprint,Uncommon
Neo Z6,Zhuge Prime Barrel,Rare
Neo Z6,Paris Prime String,Common
Neo Z6,Braton Prime Blueprint,Common
Neo Z6,Guandao Prime Blade,Common
Neo Z6,Tipedo Prime Ornament,Uncommon
Neo Z7,Atlas Prime Blueprint,Common
Neo Z7,Octavia Prime Chassis Blueprint,Uncommon
Neo Z7,Wukong Prime Neuroptics Blueprint,Common
Neo Z7,Zhuge Prime Barrel,Rare
Neo Z7,Akbronco Prime Link,Uncommon
Neo Z8,Zephyr Prime Systems Blueprint,Rare
Neo Z8,Chroma Prime Chassis Blueprint,Common
Neo Z8,Braton Prime Stock,Common
Neo Z8,Gram Prime Blueprint,Uncommon
Neo Z8,Kronen Prime Blueprint,Common
