Gauss Neuroptics ,Credits,15000
Gauss Neuroptics ,Argon Crystal,1
Gauss Neuroptics ,Rubedo,1600
Gauss Neuroptics ,Salvage,6200
Gauss Chassis ,Credits,15000
Gauss Chassis ,Radian Sentirum,3
Gauss Chassis ,Heart Nyth,3
Gauss Chassis ,Star Crimzian,6
Gauss Systems ,Credits,15000
Gauss Systems ,Radiant Zodian,3
Gauss Systems ,Marquise Thyst,3
Gauss Systems ,Mytocardia Spore,70
Mirage Neuroptics,Credits,15000
Mirage Neuroptics,Alloy Plate,250
Mirage Neuroptics,Polymer Bundle,400
Mirage Neuroptics,Neurodes,1
Mirage Chassis,Credits,15000
Mirage Chassis,Ferrite,2500
Mirage Chassis,Plastids,450
Mirage Chassis,Gallium,1
Mirage Systems,Credits,15000
Mirage Systems,Circuits,250
Mirage Systems,Polymer Bundle,650
Mirage Systems,Control Module,1
Inaros Neuroptics,Credits,15000
Inaros Neuroptics,Alloy Plate,1500
Inaros Neuroptics,Polymer Bundle,350
Inaros Neuroptics,Plastids,500
Inaros Chassis,Credits,15000
Inaros Chassis,Neurodes,3
Inaros Chassis,Nano Spores,1000
Inaros Chassis,Plastids,300
Inaros Systems,Credits,15000
Inaros Systems,Argon Crystal,2
Inaros Systems,Polymer Bundle,300
Inaros Systems,Nano Spores,1600
Nezha Neuroptics,Credits,15000
Nezha Neuroptics,Argon Crystal,1
Nezha Neuroptics,Neural Sensors,1
Nezha Neuroptics,Polymer Bundle,2100
Nezha Chassis,Credits,15000
Nezha Chassis,Morphics,2
Nezha Chassis,Ferrite,3200
Nezha Chassis,Rubedo,600
Nezha Systems,Credits,15000
Nezha Systems,Control Module,1
Nezha Systems,Morphics,1
Nezha Systems,Ferrite,5000
Garuda Neuroptics,Credits,15000
Garuda Neuroptics,Vega Toroid,2
Garuda Neuroptics,Star Amarast,6
Garuda Neuroptics,Axidrol Alloy,40
Garuda Chassis,Credits,15000
Garuda Chassis,Calda Toroid,2
Garuda Chassis,Radiant Zodian,3
Garuda Chassis,Travocyte Alloy,40
Garuda Systems,Credits,15000
Garuda Systems,Sola Toroid,2
Garuda Systems,Marquise Thyst,3
Garuda Systems,Venerdo Alloy,40
Volt Neuroptics,Credits,15000
Volt Neuroptics,Alloy Plate,150
Volt Neuroptics,Neural Sensors,1
Volt Neuroptics,Polymer Bundle,150
Volt Chassis,Credits,15000
Volt Chassis,Morphics,1
Volt Chassis,Ferrite,1000
Volt Chassis,Rubedo,300
Volt Systems,Credits,15000
Volt Systems,Control Module,1
Volt Systems,Morphics,1
Volt Systems,Salvage,500
Mag Neuroptics,Credits,15000
Mag Neuroptics,Alloy Plate,150
Mag Neuroptics,Neural Sensors,1
Mag Neuroptics,Polymer Bundle,150
Mag Chassis,Credits,15000
Mag Chassis,Morphics,1
Mag Chassis,Ferrite,1000
Mag Chassis,Rubedo,300
Mag Systems,Credits,15000
Mag Systems,Control Module,1
Mag Systems,Morphics,1
Mag Systems,Salvage,500
Baruuk Neuroptics ,Credits,15000
Baruuk Neuroptics ,Sola Toroid,3
Baruuk Neuroptics ,Alloy Plate,2850
Baruuk Neuroptics ,Hespazym Alloy,50
Baruuk Chassis ,Credits,15000
Baruuk Chassis ,Vega Toroid,3
Baruuk Chassis ,Salvage,3250
Baruuk Chassis ,Hespazym Alloy,100
Baruuk Systems ,Credits,15000
Baruuk Systems ,Calda Toroid,3
Baruuk Systems ,Ferrite,2500
Baruuk Systems ,Entroplasma,10
Loki Neuroptics,Credits,15000
Loki Neuroptics,Alloy Plate,150
Loki Neuroptics,Neural Sensors,1
Loki Neuroptics,Polymer Bundle,150
Loki Chassis,Credits,15000
Loki Chassis,Morphics,1
Loki Chassis,Ferrite,1000
Loki Chassis,Rubedo,300
Loki Systems,Credits,15000
Loki Systems,Control Module,1
Loki Systems,Morphics,1
Loki Systems,Salvage,500
Saryn Neuroptics,Credits,15000
Saryn Neuroptics,Circuits,150
Saryn Neuroptics,Neural Sensors,1
Saryn Neuroptics,Polymer Bundle,300
Saryn Chassis,Credits,15000
Saryn Chassis,Morphics,1
Saryn Chassis,Ferrite,1000
Saryn Chassis,Rubedo,50
Saryn Systems,Credits,15000
Saryn Systems,Control Module,1
Saryn Systems,Morphics,1
Saryn Systems,Salvage,550
Protea Neuroptics,Credits,15000
Protea Neuroptics,Salvage,11500
Protea Neuroptics,Polymer Bundle,5150
Protea Neuroptics,Cubic Diodes,1250
Protea Chassis,Credits,15000
Protea Chassis,Alloy Plate,20000
Protea Chassis,Carbides,2750
Protea Chassis,Oxium,550
Protea Systems,Credits,15000
Protea Systems,Ferrite,13400
Protea Systems,Cryotic,1000
Protea Systems,Titanium,1750
Atlas Neuroptics ,Credits,15000
Atlas Neuroptics ,Polymer Bundle,1400
Atlas Neuroptics ,Alloy Plate,1100
Atlas Neuroptics ,Circuits,800
Atlas Chassis ,Credits,15000
Atlas Chassis ,Nano Spores,1800
Atlas Chassis ,Cryotic,1300
Atlas Chassis ,Rubedo,700
Atlas Systems ,Credits,15000
Atlas Systems ,Ferrite,4600
Atlas Systems ,Polymer Bundle,1700
Atlas Systems ,Morphics,5
Wukong Neuroptics,Credits,15000
Wukong Neuroptics,Circuits,1400
Wukong Neuroptics,Neural Sensors,1
Wukong Neuroptics,Polymer Bundle,2600
Wukong Chassis,Credits,15000
Wukong Chassis,Morphics,1
Wukong Chassis,Ferrite,900
Wukong Chassis,Rubedo,50
Wukong Systems,Credits,15000
Wukong Systems,Argon Crystal,2
Wukong Systems,Neurodes,2
Wukong Systems,Salvage,8000
Banshee Neuroptics ,Credits,15000
Banshee Neuroptics ,Circuits,150
Banshee Neuroptics ,Neural Sensors,1
Banshee Neuroptics ,Polymer Bundle,200
Banshee Chassis ,Credits,15000
Banshee Chassis ,Morphics,1
Banshee Chassis ,Ferrite,900
Banshee Chassis ,Rubedo,50
Banshee Systems ,Credits,15000
Banshee Systems ,Control Module,1
Banshee Systems ,Morphics,1
Banshee Systems ,Salvage,500
Lavos Neuroptics ,Credits,15000
Lavos Neuroptics ,Trapezium Xenorhast,6
Lavos Neuroptics ,Titanium,2000
Lavos Neuroptics ,Oxium,750
Lavos Chassis ,Credits,15000
Lavos Chassis ,Argon Crystal,2
Lavos Chassis ,Nitain Extract,5
Lavos Chassis ,Cryotic,1500
Lavos Systems ,Credits,15000
Lavos Systems ,Cabochon Embolos,6
Lavos Systems ,Nano Spores,5500
Lavos Systems ,Hexenon,550
Nova Neuroptics,Credits,15000
Nova Neuroptics,Alloy Plate,150
Nova Neuroptics,Neural Sensors,1
Nova Neuroptics,Polymer Bundle,150
Nova Neuroptics,Rubedo,500
Nova Chassis,Credits,15000
Nova Chassis,Morphics,1
Nova Chassis,Ferrite,1000
Nova Chassis,Rubedo,300
Nova Systems,Credits,15000
Nova Systems,Control Module,1
Nova Systems,Morphics,1
Nova Systems,Salvage,500
Nova Systems,Plastids,600
Ember Neuroptics,Credits,15000
Ember Neuroptics,Alloy Plate,150
Ember Neuroptics,Neural Sensors,1
Ember Neuroptics,Polymer Bundle,150
Ember Chassis,Credits,15000
Ember Chassis,Morphics,1
Ember Chassis,Ferrite,1000
Ember Chassis,Rubedo,300
Ember Systems,Credits,15000
Ember Systems,Control Module,1
Ember Systems,Morphics,1
Ember Systems,Salvage,500
Khora Neuroptics,Credits,15000
Khora Neuroptics,Kavat Gene Strain,2
Khora Neuroptics,Forest Rodent Spine,35
Khora Neuroptics,Polymer Bundle,1500
Khora Chassis,Credits,15000
Khora Chassis,Kavat Gene Strain,5
Khora Chassis,Iradite,65
Khora Chassis,Alloy Plate,12250
Khora Systems,Credits,15000
Khora Systems,Kavat Gene Strain,2
Khora Systems,Plastids,1000
Khora Systems,Circuits,2600
Valkyr Neuroptics,Credits,15000
Valkyr Neuroptics,Circuits,150
Valkyr Neuroptics,Neural Sensors,1
Valkyr Neuroptics,Polymer Bundle,200
Valkyr Chassis,Credits,15000
Valkyr Chassis,Morphics,1
Valkyr Chassis,Ferrite,900
Valkyr Chassis,Rubedo,50
Valkyr Systems,Credits,15000
Valkyr Systems,Control Module,1
Valkyr Systems,Morphics,1
Valkyr Systems,Salvage,500
Mesa Neuroptics,Credits,15000
Mesa Neuroptics,Alloy Plate,1500
Mesa Neuroptics,Neural Sensors,2
Mesa Neuroptics,Polymer Bundle,350
Mesa Chassis,Credits,15000
Mesa Chassis,Morphics,1
Mesa Chassis,Oxium,50
Mesa Chassis,Plastids,300
Mesa Systems,Credits,15000
Mesa Systems,Argon Crystal,1
Mesa Systems,Nano Spores,1600
Mesa Systems,Polymer Bundle,300
Titania Neuroptics,Credits,15000
Titania Neuroptics,Alloy Plate,1500
Titania Neuroptics,Neurodes,2
Titania Neuroptics,Polymer Bundle,2500
Titania Chassis,Credits,15000
Titania Chassis,Nitain Extract,3
Titania Chassis,Ferrite,3000
Titania Chassis,Rubedo,900
Titania Systems,Credits,15000
Titania Systems,Control Module,1
Titania Systems,Plastids,800
Titania Systems,Cryotic,2200
Nidus Neuroptics,Credits,15000
Nidus Neuroptics,Mutagen Sample,10
Nidus Neuroptics,Plastids,1000
Nidus Neuroptics,Polymer Bundle,2600
Nidus Chassis,Credits,15000
Nidus Chassis,Polymer Bundle,6000
Nidus Chassis,Plastids,1400
Nidus Chassis,Nano Spores,5000
Nidus Systems,Credits,15000
Nidus Systems,Nano Spores,6000
Nidus Systems,Circuits,3500
Nidus Systems,Morphics,14
Ivara Neuroptics,Credits,15000
Ivara Neuroptics,Neurodes,5
Ivara Neuroptics,Plastids,800
Ivara Neuroptics,Polymer Bundle,2600
Ivara Chassis,Credits,15000
Ivara Chassis,Morphics,5
Ivara Chassis,Cryotic,2000
Ivara Chassis,Rubedo,700
Ivara Systems,Credits,15000
Ivara Systems,Control Module,5
Ivara Systems,Rubedo,1000
Ivara Systems,Nitain Extract,5
Octavia Neuroptics,Credits,15000
Octavia Neuroptics,Oxium,1000
Octavia Neuroptics,Plastids,2600
Octavia Neuroptics,Polymer Bundle,4800
Octavia Chassis,Credits,15000
Octavia Chassis,Polymer Bundle,6000
Octavia Chassis,Plastids,1500
Octavia Chassis,Salvage,25000
Octavia Systems,Credits,15000
Octavia Systems,Kuva,2000
Octavia Systems,Morphics,20
Octavia Systems,Circuits,3000
Excalibur Neuroptics,Credits,15000
Excalibur Neuroptics,Alloy Plate,150
Excalibur Neuroptics,Neural Sensors,1
Excalibur Neuroptics,Polymer Bundle,150
Excalibur Chassis,Credits,15000
Excalibur Chassis,Morphics,1
Excalibur Chassis,Ferrite,1000
Excalibur Chassis,Rubedo,300
Excalibur Systems,Credits,15000
Excalibur Systems,Control Module,1
Excalibur Systems,Morphics,1
Excalibur Systems,Salvage,500
Sevagoth Neuroptics ,Credits,15000
Sevagoth Neuroptics ,Neural Sensors,6
Sevagoth Neuroptics ,Titanium,1200
Sevagoth Neuroptics ,Rubedo,750
Sevagoth Chassis ,Credits,15000
Sevagoth Chassis ,Morphics,8
Sevagoth Chassis ,Cryotic,650
Sevagoth Chassis ,Nullstones,2
Sevagoth Systems ,Credits,15000
Sevagoth Systems ,Argon Crystal,2
Sevagoth Systems ,Oxium,250
Sevagoth Systems ,Asterite,15
Nekros Neuroptics,Credits,15000
Nekros Neuroptics,Alloy Plate,150
Nekros Neuroptics,Neural Sensors,1
Nekros Neuroptics,Polymer Bundle,150
Nekros Chassis,Credits,15000
Nekros Chassis,Morphics,1
Nekros Chassis,Ferrite,1000
Nekros Chassis,Rubedo,300
Nekros Systems,Credits,15000
Nekros Systems,Control Module,1
Nekros Systems,Morphics,1
Nekros Systems,Salvage,500
Ash Neuroptics ,Credits,15000
Ash Neuroptics ,Alloy Plate,150
Ash Neuroptics ,Neural Sensors,1
Ash Neuroptics ,Polymer Bundle,150
Ash Chassis ,Credits,15000
Ash Chassis ,Morphics,1
Ash Chassis ,Ferrite,1000
Ash Chassis ,Rubedo,300
Ash Systems ,Credits,15000
Ash Systems ,Control Module,1
Ash Systems ,Morphics,1
Ash Systems ,Salvage,500
Xaku Neuroptics,Credits,15000
Xaku Neuroptics,Neural Sensors,10
Xaku Neuroptics,Thaumic Distillate,60
Xaku Neuroptics,Sharrac Teeth,20
Xaku Chassis,Credits,15000
Xaku Chassis,Gyromag Systems,5
Xaku Chassis,Spinal Core Section,3
Xaku Chassis,Venerdo Alloy,50
Xaku Systems,Credits,15000
Xaku Systems,Breath Of The Eidolon,10
Xaku Systems,Scintillant,5
Xaku Systems,Pustulite,45
Rhino Neuroptics,Credits,15000
Rhino Neuroptics,Alloy Plate,150
Rhino Neuroptics,Morphics,1
Rhino Neuroptics,Polymer Bundle,150
Rhino Chassis,Credits,15000
Rhino Chassis,Morphics,1
Rhino Chassis,Ferrite,1000
Rhino Chassis,Rubedo,300
Rhino Systems,Credits,15000
Rhino Systems,Gallium,1
Rhino Systems,Morphics,1
Rhino Systems,Salvage,500
Grendel Neuroptics ,Credits,15000
Grendel Neuroptics ,Argon Crystal,2
Grendel Neuroptics ,Control Module,5
Grendel Neuroptics ,Ferrite,3500
Grendel Chassis ,Credits,15000
Grendel Chassis ,Icon Condroc Wing,25
Grendel Chassis ,Forest Rodent Spine,30
Grendel Chassis ,Tralok Eyes,20
Grendel Systems ,Credits,15000
Grendel Systems ,Circuits,1125
Grendel Systems ,Morphics,10
Grendel Systems ,Icon Fish Meat,125
Zephyr Neuroptics ,Credits,15000
Zephyr Neuroptics ,Circuits,150
Zephyr Neuroptics ,Oxium,200
Zephyr Neuroptics ,Polymer Bundle,200
Zephyr Chassis ,Credits,15000
Zephyr Chassis ,Oxium,200
Zephyr Chassis ,Nano Spores,900
Zephyr Chassis ,Rubedo,50
Zephyr Systems ,Credits,15000
Zephyr Systems ,Control Module,1
Zephyr Systems ,Oxium,200
Zephyr Systems ,Polymer Bundle,500
Wisp Neuroptics,Credits,15000
Wisp Neuroptics,Hexenon,300
Wisp Neuroptics,Tellurium Market,2
Wisp Neuroptics,Plastids,950
Wisp Chassis,Credits,15000
Wisp Chassis,Hexenon,500
Wisp Chassis,Argon Crystal,1
Wisp Chassis,Oxium,700
Wisp Systems,Credits,15000
Wisp Systems,Hexenon,400
Wisp Systems,Nitain Extract,2
Wisp Systems,Rubedo,950
Yareli Neuroptics ,Credits,15000
Yareli Neuroptics ,Argon Crystal,2
Yareli Neuroptics ,Plastids,150
Yareli Neuroptics ,Salvage,875
Yareli Chassis ,Credits,15000
Yareli Chassis ,Tellurium Market,2
Yareli Chassis ,Venerdo Alloy,20
Yareli Chassis ,Circuits,350
Yareli Systems ,Credits,15000
Yareli Systems ,Nitain Extract,2
Yareli Systems ,Cryotic,350
Yareli Systems ,Exa Brain,5
Gara Neuroptics,Credits,15000
Gara Neuroptics,Pyrotic Alloy,90
Gara Neuroptics,Grokdrul,65
Gara Neuroptics,Circuits,700
Gara Chassis,Credits,15000
Gara Chassis,Cetus Wisp,2
Gara Chassis,Coprite Alloy,120
Gara Chassis,Iradite,55
Gara Systems,Credits,15000
Gara Systems,Morphics,2
Gara Systems,Charc Electroplax,35
Gara Systems,Esher Devar,25
Hildryn Neuroptics,Credits,15000
Hildryn Neuroptics,Lazulite Toroid,2
Hildryn Neuroptics,Argon Crystal,1
Hildryn Neuroptics,Mytocardia Spore,85
Hildryn Chassis,Credits,15000
Hildryn Chassis,Lazulite Toroid,2
Hildryn Chassis,Nitain Extract,2
Hildryn Chassis,Thermal Sludge,90
Hildryn Systems,Credits,15000
Hildryn Systems,Lazulite Toroid,2
Hildryn Systems,Tellurium Market,2
Hildryn Systems,Gorgaricus Spore,95
Vauban Neuroptics,Credits,15000
Vauban Neuroptics,Alloy Plate,150
Vauban Neuroptics,Neural Sensors,1
Vauban Neuroptics,Polymer Bundle,150
Vauban Chassis,Credits,15000
Vauban Chassis,Morphics,1
Vauban Chassis,Ferrite,1000
Vauban Chassis,Rubedo,300
Vauban Systems,Credits,15000
Vauban Systems,Control Module,1
Vauban Systems,Morphics,1
Vauban Systems,Salvage,500
Hydroid Neuroptics,Credits,15000
Hydroid Neuroptics,Alloy Plate,150
Hydroid Neuroptics,Control Module,1
Hydroid Neuroptics,Polymer Bundle,150
Hydroid Chassis,Credits,15000
Hydroid Chassis,Nano Spores,1200
Hydroid Chassis,Polymer Bundle,1000
Hydroid Chassis,Rubedo,300
Hydroid Systems,Credits,15000
Hydroid Systems,Orokin Cell,1
Hydroid Systems,Gallium,4
Hydroid Systems,Polymer Bundle,500
Oberon Neuroptics ,Credits,15000
Oberon Neuroptics ,Alloy Plate,150
Oberon Neuroptics ,Control Module,1
Oberon Neuroptics ,Polymer Bundle,150
Oberon Chassis ,Credits,15000
Oberon Chassis ,Gallium,1
Oberon Chassis ,Polymer Bundle,1000
Oberon Chassis ,Rubedo,300
Oberon Systems ,Credits,15000
Oberon Systems ,Orokin Cell,1
Oberon Systems ,Gallium,1
Oberon Systems ,Polymer Bundle,500
Frost Neuroptics,Credits,15000
Frost Neuroptics,Alloy Plate,150
Frost Neuroptics,Neural Sensors,1
Frost Neuroptics,Polymer Bundle,150
Frost Chassis,Credits,15000
Frost Chassis,Morphics,1
Frost Chassis,Ferrite,1000
Frost Chassis,Rubedo,300
Frost Systems,Credits,15000
Frost Systems,Control Module,1
Frost Systems,Morphics,1
Frost Systems,Salvage,500
Limbo Neuroptics,Credits,15000
Limbo Neuroptics,Alloy Plate,150
Limbo Neuroptics,Polymer Bundle,150
Limbo Neuroptics,Rubedo,500
Limbo Chassis,Credits,15000
Limbo Chassis,Neural Sensors,1
Limbo Chassis,Rubedo,300
Limbo Chassis,Ferrite,1000
Limbo Systems,Credits,15000
Limbo Systems,Control Module,1
Limbo Systems,Morphics,3
Limbo Systems,Salvage,500
Trinity Neuroptics,Credits,15000
Trinity Neuroptics,Alloy Plate,150
Trinity Neuroptics,Neural Sensors,1
Trinity Neuroptics,Polymer Bundle,150
Trinity Chassis,Credits,15000
Trinity Chassis,Morphics,1
Trinity Chassis,Ferrite,1000
Trinity Chassis,Rubedo,300
Trinity Systems,Credits,15000
Trinity Systems,Control Module,1
Trinity Systems,Morphics,1
Trinity Systems,Salvage,500
Nyx Neuroptics,Credits,15000
Nyx Neuroptics,Alloy Plate,150
Nyx Neuroptics,Neural Sensors,1
Nyx Neuroptics,Polymer Bundle,150
Nyx Chassis,Credits,15000
Nyx Chassis,Morphics,1
Nyx Chassis,Ferrite,1000
Nyx Chassis,Rubedo,300
Nyx Systems,Credits,15000
Nyx Systems,Control Module,1
Nyx Systems,Morphics,1
Nyx Systems,Salvage,500
Harrow Neuroptics,Credits,15000
Harrow Neuroptics,Rubedo,1500
Harrow Neuroptics,Polymer Bundle,4000
Harrow Neuroptics,Plastids,2000
Harrow Chassis,Credits,15000
Harrow Chassis,Alloy Plate,20000
Harrow Chassis,Salvage,25000
Harrow Chassis,Oxium,800
Harrow Systems,Credits,15000
Harrow Systems,Circuits,2500
Harrow Systems,Cryotic,1000
Harrow Systems,Ferrite,25000
Revenant Neuroptics,Credits,15000
Revenant Neuroptics,Neural Sensors,3
Revenant Neuroptics,Sentient Core,15
Revenant Neuroptics,Polymer Bundle,6000
Revenant Neuroptics,Rubedo,2200
Revenant Chassis,Credits,15000
Revenant Chassis,Morphics,3
Revenant Chassis,Sentient Core,10
Revenant Chassis,Rubedo,1500
Revenant Chassis,Iradite,50
Revenant Systems,Credits,15000
Revenant Systems,Control Module,3
Revenant Systems,Cetus Wisp,3
Revenant Systems,Salvage,8000
Revenant Systems,Polymer Bundle,3000
Hydroid Prime Neuroptics,Credits,15000
Hydroid Prime Neuroptics,Neural Sensors,5
Hydroid Prime Neuroptics,Plastids,1100
Hydroid Prime Neuroptics,Alloy Plate,8750
Hydroid Prime Chassis,Credits,15000
Hydroid Prime Chassis,Argon Crystal,2
Hydroid Prime Chassis,Gallium,5
Hydroid Prime Chassis,Salvage,10500
Hydroid Prime Systems,Credits,15000
Hydroid Prime Systems,Nitain Extract,2
Hydroid Prime Systems,Control Module,10
Hydroid Prime Systems,Circuits,1300
Nova Prime Neuroptics,Credits,15000
Nova Prime Neuroptics,Rubedo,200
Nova Prime Neuroptics,Neural Sensors,1
Nova Prime Neuroptics,Nano Spores,400
Nova Prime Chassis,Credits,15000
Nova Prime Chassis,Morphics,1
Nova Prime Chassis,Polymer Bundle,1000
Nova Prime Chassis,Circuits,300
Nova Prime Systems,Credits,15000
Nova Prime Systems,Control Module,1
Nova Prime Systems,Morphics,1
Nova Prime Systems,Ferrite,600
Chroma Prime Neuroptics,Credits,15000
Chroma Prime Neuroptics,Neurodes,4
Chroma Prime Neuroptics,Circuits,1750
Chroma Prime Neuroptics,Plastids,450
Chroma Prime Chassis,Credits,15000
Chroma Prime Chassis,Nitain Extract,2
Chroma Prime Chassis,Control Module,10
Chroma Prime Chassis,Rubedo,1600
Chroma Prime Systems,Credits,15000
Chroma Prime Systems,Argon Crystal,2
Chroma Prime Systems,Neural Sensors,5
Chroma Prime Systems,Polymer Bundle,1775
Nyx Prime Neuroptics,Credits,15000
Nyx Prime Neuroptics,Alloy Plate,150
Nyx Prime Neuroptics,Neural Sensors,2
Nyx Prime Neuroptics,Salvage,1000
Nyx Prime Chassis,Credits,15000
Nyx Prime Chassis,Gallium,3
Nyx Prime Chassis,Nano Spores,1000
Nyx Prime Chassis,Rubedo,400
Nyx Prime Systems,Credits,15000
Nyx Prime Systems,Control Module,3
Nyx Prime Systems,Orokin Cell,1
Nyx Prime Systems,Salvage,1000
Loki Prime Neuroptics,Credits,15000
Loki Prime Neuroptics,Alloy Plate,150
Loki Prime Neuroptics,Neural Sensors,2
Loki Prime Neuroptics,Polymer Bundle,150
Loki Prime Chassis,Credits,15000
Loki Prime Chassis,Gallium,3
Loki Prime Chassis,Nano Spores,1000
Loki Prime Chassis,Rubedo,400
Loki Prime Systems,Credits,15000
Loki Prime Systems,Control Module,3
Loki Prime Systems,Orokin Cell,1
Loki Prime Systems,Ferrite,1000
Limbo Prime Neuroptics,Credits,15000
Limbo Prime Neuroptics,Neural Sensors,2
Limbo Prime Neuroptics,Cryotic,300
Limbo Prime Neuroptics,Rubedo,450
Limbo Prime Chassis,Credits,15000
Limbo Prime Chassis,Argon Crystal,2
Limbo Prime Chassis,Morphics,6
Limbo Prime Chassis,Alloy Plate,1675
Limbo Prime Systems,Credits,15000
Limbo Prime Systems,Nitain Extract,2
Limbo Prime Systems,Tellurium Market,2
Limbo Prime Systems,Salvage,3000
Nekros Prime Neuroptics,Credits,15000
Nekros Prime Neuroptics,Alloy Plate,15000
Nekros Prime Neuroptics,Neural Sensors,3
Nekros Prime Neuroptics,Polymer Bundle,12000
Nekros Prime Chassis,Credits,15000
Nekros Prime Chassis,Morphics,3
Nekros Prime Chassis,Ferrite,18000
Nekros Prime Chassis,Rubedo,6000
Nekros Prime Systems,Credits,15000
Nekros Prime Systems,Control Module,3
Nekros Prime Systems,Tellurium Market,3
Nekros Prime Systems,Salvage,15000
Equinox Prime Neuroptics,Credits,15000
Equinox Prime Neuroptics,Tellurium Market,2
Equinox Prime Neuroptics,Circuits,1000
Equinox Prime Neuroptics,Polymer Bundle,1275
Equinox Prime Chassis,Credits,15000
Equinox Prime Chassis,Morphics,10
Equinox Prime Chassis,Oxium,150
Equinox Prime Chassis,Gallium,5
Equinox Prime Systems,Credits,15000
Equinox Prime Systems,Argon Crystal,2
Equinox Prime Systems,Cryotic,575
Equinox Prime Systems,Plastids,225
Saryn Prime Neuroptics,Credits,15000
Saryn Prime Neuroptics,Alloy Plate,1500
Saryn Prime Neuroptics,Neural Sensors,2
Saryn Prime Neuroptics,Salvage,3500
Saryn Prime Chassis,Credits,15000
Saryn Prime Chassis,Nitain Extract,3
Saryn Prime Chassis,Nano Spores,4000
Saryn Prime Chassis,Rubedo,1200
Saryn Prime Systems,Credits,15000
Saryn Prime Systems,Nitain Extract,3
Saryn Prime Systems,Orokin Cell,1
Saryn Prime Systems,Ferrite,4000
Frost Prime Neuroptics,Credits,15000
Frost Prime Neuroptics,Alloy Plate,150
Frost Prime Neuroptics,Neural Sensors,1
Frost Prime Neuroptics,Polymer Bundle,150
Frost Prime Chassis,Credits,15000
Frost Prime Chassis,Morphics,1
Frost Prime Chassis,Ferrite,1000
Frost Prime Chassis,Rubedo,300
Frost Prime Systems,Credits,15000
Frost Prime Systems,Control Module,1
Frost Prime Systems,Morphics,1
Frost Prime Systems,Salvage,500
Nidus Prime Neuroptics ,Credits,15000
Nidus Prime Neuroptics ,Argon Crystal,2
Nidus Prime Neuroptics ,Cryotic,600
Nidus Prime Neuroptics ,Circuits,1100
Nidus Prime Chassis ,Credits,15000
Nidus Prime Chassis ,Tellurium Market,2
Nidus Prime Chassis ,Plastids,450
Nidus Prime Chassis ,Polymer Bundle,1425
Nidus Prime Systems ,Credits,15000
Nidus Prime Systems ,Nitain Extract,2
Nidus Prime Systems ,Neurodes,3
Nidus Prime Systems ,Rubedo,1250
Ember Prime Neuroptics,Credits,15000
Ember Prime Neuroptics,Alloy Plate,150
Ember Prime Neuroptics,Neural Sensors,2
Ember Prime Neuroptics,Polymer Bundle,1000
Ember Prime Chassis,Credits,15000
Ember Prime Chassis,Morphics,3
Ember Prime Chassis,Ferrite,1000
Ember Prime Chassis,Rubedo,300
Ember Prime Systems,Credits,15000
Ember Prime Systems,Control Module,1
Ember Prime Systems,Morphics,1
Ember Prime Systems,Nano Spores,1200
Mirage Prime Neuroptics,Credits,15000
Mirage Prime Neuroptics,Neurodes,5
Mirage Prime Neuroptics,Cryotic,2000
Mirage Prime Neuroptics,Polymer Bundle,2500
Mirage Prime Chassis,Credits,15000
Mirage Prime Chassis,Nitain Extract,2
Mirage Prime Chassis,Morphics,20
Mirage Prime Chassis,Alloy Plate,26000
Mirage Prime Systems,Credits,15000
Mirage Prime Systems,Argon Crystal,2
Mirage Prime Systems,Control Module,10
Mirage Prime Systems,Rubedo,4500
Titania Prime Neuroptics,Credits,15000
Titania Prime Neuroptics,Alloy Plate,5500
Titania Prime Neuroptics,Neural Sensors,6
Titania Prime Neuroptics,Oxium,225
Titania Prime Chassis,Credits,15000
Titania Prime Chassis,Nitain Extract,2
Titania Prime Chassis,Nano Spores,4750
Titania Prime Chassis,Rubedo,1400
Titania Prime Systems,Credits,15000
Titania Prime Systems,Control Module,10
Titania Prime Systems,Tellurium Market,3
Titania Prime Systems,Ferrite,4300
Inaros Prime Neuroptics,Credits,15000
Inaros Prime Neuroptics,Alloy Plate,5500
Inaros Prime Neuroptics,Neural Sensors,6
Inaros Prime Neuroptics,Oxium,225
Inaros Prime Chassis,Credits,15000
Inaros Prime Chassis,Nitain Extract,2
Inaros Prime Chassis,Nano Spores,4750
Inaros Prime Chassis,Rubedo,1400
Inaros Prime Systems,Credits,15000
Inaros Prime Systems,Control Module,10
Inaros Prime Systems,Tellurium Market,3
Inaros Prime Systems,Ferrite,4300
Valkyr Prime Neuroptics,Credits,15000
Valkyr Prime Neuroptics,Salvage,15000
Valkyr Prime Neuroptics,Neural Sensors,3
Valkyr Prime Neuroptics,Circuits,12000
Valkyr Prime Chassis,Credits,15000
Valkyr Prime Chassis,Morphics,3
Valkyr Prime Chassis,Ferrite,18000
Valkyr Prime Chassis,Rubedo,6000
Valkyr Prime Systems,Credits,15000
Valkyr Prime Systems,Control Module,3
Valkyr Prime Systems,Tellurium Market,3
Valkyr Prime Systems,Polymer Bundle,15000
Oberon Prime Neuroptics,Credits,15000
Oberon Prime Neuroptics,Control Module,10
Oberon Prime Neuroptics,Alloy Plate,4000
Oberon Prime Neuroptics,Circuits,1500
Oberon Prime Chassis,Credits,15000
Oberon Prime Chassis,Gallium,3
Oberon Prime Chassis,Oxium,100
Oberon Prime Chassis,Rubedo,1250
Oberon Prime Systems,Credits,15000
Oberon Prime Systems,Argon Crystal,2
Oberon Prime Systems,Plastids,250
Oberon Prime Systems,Nano Spores,6000
Mag Prime Neuroptics,Credits,15000
Mag Prime Neuroptics,Alloy Plate,150
Mag Prime Neuroptics,Neural Sensors,2
Mag Prime Neuroptics,Polymer Bundle,150
Mag Prime Chassis,Credits,15000
Mag Prime Chassis,Morphics,3
Mag Prime Chassis,Ferrite,1000
Mag Prime Chassis,Rubedo,400
Mag Prime Systems,Credits,15000
Mag Prime Systems,Control Module,3
Mag Prime Systems,Morphics,1
Mag Prime Systems,Salvage,500
Rhino Prime Neuroptics,Credits,15000
Rhino Prime Neuroptics,Alloy Plate,150
Rhino Prime Neuroptics,Neural Sensors,2
Rhino Prime Neuroptics,Polymer Bundle,150
Rhino Prime Chassis,Credits,15000
Rhino Prime Chassis,Morphics,3
Rhino Prime Chassis,Ferrite,1000
Rhino Prime Chassis,Plastids,400
Rhino Prime Systems,Credits,15000
Rhino Prime Systems,Control Module,3
Rhino Prime Systems,Morphics,1
Rhino Prime Systems,Ferrite,500
Volt Prime Neuroptics,Credits,15000
Volt Prime Neuroptics,Alloy Plate,150
Volt Prime Neuroptics,Neurodes,2
Volt Prime Neuroptics,Polymer Bundle,1000
Volt Prime Chassis,Credits,15000
Volt Prime Chassis,Neural Sensors,3
Volt Prime Chassis,Alloy Plate,1000
Volt Prime Chassis,Rubedo,400
Volt Prime Systems,Credits,15000
Volt Prime Systems,Control Module,3
Volt Prime Systems,Orokin Cell,1
Volt Prime Systems,Salvage,1000
Vauban Prime Neuroptics,Credits,15000
Vauban Prime Neuroptics,Nitain Extract,5
Vauban Prime Neuroptics,Salvage,16000
Vauban Prime Neuroptics,Rubedo,8000
Vauban Prime Chassis,Credits,15000
Vauban Prime Chassis,Argon Crystal,2
Vauban Prime Chassis,Nitain Extract,5
Vauban Prime Chassis,Oxium,7000
Vauban Prime Systems,Credits,15000
Vauban Prime Systems,Nitain Extract,5
Vauban Prime Systems,Cryotic,9000
Vauban Prime Systems,Orokin Cell,1
Trinity Prime Neuroptics,Credits,15000
Trinity Prime Neuroptics,Oxium,450
Trinity Prime Neuroptics,Neural Sensors,2
Trinity Prime Neuroptics,Nano Spores,9000
Trinity Prime Chassis,Credits,15000
Trinity Prime Chassis,Argon Crystal,2
Trinity Prime Chassis,Oxium,500
Trinity Prime Chassis,Circuits,1200
Trinity Prime Systems,Credits,15000
Trinity Prime Systems,Control Module,3
Trinity Prime Systems,Orokin Cell,1
Trinity Prime Systems,Cryotic,9000
Zephyr Prime Neuroptics ,Credits,15000
Zephyr Prime Neuroptics ,Neural Sensors,3
Zephyr Prime Neuroptics ,Oxium,250
Zephyr Prime Neuroptics ,Plastids,350
Zephyr Prime Chassis ,Credits,15000
Zephyr Prime Chassis ,Nitain Extract,2
Zephyr Prime Chassis ,Tellurium Market,2
Zephyr Prime Chassis ,Ferrite,3600
Zephyr Prime Systems ,Credits,15000
Zephyr Prime Systems ,Argon Crystal,2
Zephyr Prime Systems ,Neurodes,3
Zephyr Prime Systems ,Cryotic,550
Octavia Prime Neuroptics ,Credits,15000
Octavia Prime Neuroptics ,Neural Sensors,8
Octavia Prime Neuroptics ,Control Module,10
Octavia Prime Neuroptics ,Oxium,250
Octavia Prime Chassis ,Credits,15000
Octavia Prime Chassis ,Argon Crystal,2
Octavia Prime Chassis ,Morphics,8
Octavia Prime Chassis ,Rubedo,1200
Octavia Prime Systems ,Credits,15000
Octavia Prime Systems ,Nitain Extract,2
Octavia Prime Systems ,Cryotic,370
Octavia Prime Systems ,Circuits,875
Ash Prime Neuroptics ,Credits,15000
Ash Prime Neuroptics ,Alloy Plate,150
Ash Prime Neuroptics ,Neural Sensors,2
Ash Prime Neuroptics ,Salvage,1000
Ash Prime Chassis ,Credits,15000
Ash Prime Chassis ,Gallium,3
Ash Prime Chassis ,Nano Spores,1000
Ash Prime Chassis ,Rubedo,400
Ash Prime Systems ,Credits,15000
Ash Prime Systems ,Control Module,3
Ash Prime Systems ,Orokin Cell,1
Ash Prime Systems ,Ferrite,1000
Banshee Prime Neuroptics ,Credits,15000
Banshee Prime Neuroptics ,Neural Sensors,2
Banshee Prime Neuroptics ,Alloy Plate,6000
Banshee Prime Neuroptics ,Circuits,1500
Banshee Prime Chassis ,Credits,15000
Banshee Prime Chassis ,Morphics,10
Banshee Prime Chassis ,Cryotic,1500
Banshee Prime Chassis ,Rubedo,2000
Banshee Prime Systems ,Credits,15000
Banshee Prime Systems ,Argon Crystal,2
Banshee Prime Systems ,Control Module,10
Banshee Prime Systems ,Oxium,300
Atlas Prime Neuroptics ,Credits,15000
Atlas Prime Neuroptics ,Neural Sensors,2
Atlas Prime Neuroptics ,Cryotic,525
Atlas Prime Neuroptics ,Salvage,4700
Atlas Prime Chassis ,Credits,15000
Atlas Prime Chassis ,Tellurium Market,2
Atlas Prime Chassis ,Nitain Extract,2
Atlas Prime Chassis ,Rubedo,725
Atlas Prime Systems ,Credits,15000
Atlas Prime Systems ,Argon Crystal,2
Atlas Prime Systems ,Gallium,4
Atlas Prime Systems ,Polymer Bundle,1200
Nezha Prime Neuroptics,Credits,15000
Nezha Prime Neuroptics,Alloy Plate,5500
Nezha Prime Neuroptics,Neural Sensors,6
Nezha Prime Neuroptics,Oxium,225
Nezha Prime Chassis,Credits,15000
Nezha Prime Chassis,Nitain Extract,2
Nezha Prime Chassis,Nano Spores,4750
Nezha Prime Chassis,Rubedo,1400
Nezha Prime Systems,Credits,15000
Nezha Prime Systems,Control Module,10
Nezha Prime Systems,Tellurium Market,3
Nezha Prime Systems,Ferrite,4300
Ivara Prime Neuroptics,Credits,15000
Ivara Prime Neuroptics,Argon Crystal,2
Ivara Prime Neuroptics,Cryotic,600
Ivara Prime Neuroptics,Circuits,750
Ivara Prime Chassis,Credits,15000
Ivara Prime Chassis,Nitain Extract,2
Ivara Prime Chassis,Control Module,5
Ivara Prime Chassis,Plastids,250
Ivara Prime Systems,Credits,15000
Ivara Prime Systems,Neurodes,4
Ivara Prime Systems,Morphics,9
Ivara Prime Systems,Oxium,175
Wukong Prime Neuroptics,Credits,15000
Wukong Prime Neuroptics,Neurodes,4
Wukong Prime Neuroptics,Rubedo,750
Wukong Prime Neuroptics,Plastids,200
Wukong Prime Chassis,Credits,15000
Wukong Prime Chassis,Argon Crystal,2
Wukong Prime Chassis,Control Module,6
Wukong Prime Chassis,Circuits,825
Wukong Prime Systems,Credits,15000
Wukong Prime Systems,Nitain Extract,2
Wukong Prime Systems,Morphics,7
Wukong Prime Systems,Polymer Bundle,1150
Mesa Prime Neuroptics,Credits,15000
Mesa Prime Neuroptics,Argon Crystal,2
Mesa Prime Neuroptics,Neural Sensors,2
Mesa Prime Neuroptics,Rubedo,350
Mesa Prime Chassis,Credits,15000
Mesa Prime Chassis,Nitain Extract,2
Mesa Prime Chassis,Gallium,3
Mesa Prime Chassis,Nano Spores,575
Mesa Prime Systems,Credits,15000
Mesa Prime Systems,Morphics,5
Mesa Prime Systems,Control Module,3
Mesa Prime Systems,Circuits,275
Gara Prime Neuroptics,Credits,15000
Gara Prime Neuroptics,Neurodes,10
Gara Prime Neuroptics,Argon Crystal,2
Gara Prime Neuroptics,Rubedo,1500
Gara Prime Chassis,Credits,15000
Gara Prime Chassis,Gallium,7
Gara Prime Chassis,Polymer Bundle,2150
Gara Prime Chassis,Oxium,250
Gara Prime Systems,Credits,15000
Gara Prime Systems,Nitain Extract,2
Gara Prime Systems,Tellurium Market,2
Gara Prime Systems,Circuits,1350
Bubonico,Credits,20000
Bubonico,Mutagen Mass,10
Bubonico,Argon Crystal,3
Bubonico,Plastids,1200
Rubico Prime,Credits,15000
Rubico Prime,Rubico Prime Stock,1
Rubico Prime,Rubico Prime Receiver,1
Rubico Prime,Rubico Prime Barrel,1
Zhuge Prime,Credits,15000
Zhuge Prime,Zhuge Prime Grip,1
Zhuge Prime,Zhuge Prime String,1
Zhuge Prime,Zhuge Prime Barrel,1
Zhuge Prime,Zhuge Prime Receiver,1
Battacor,Credits,25000
Battacor,Fieldron,10
Battacor,Tepa Nodule,40
Battacor,Heart Noctrul,25
Ferrox,Credits,30000
Ferrox,Fieldron,5
Ferrox,Alloy Plate,30000
Ferrox,Salvage,35000
Opticor,Credits,30000
Opticor,Fieldron,5
Opticor,Gallium,20
Opticor,Cryotic,600
Basmu,Credits,25000
Basmu,Titanium,1500
Basmu,Carbides,800
Basmu,Isos,450
Karak,Credits,30000
Karak,Neurodes,2
Karak,Alloy Plate,400
Karak,Salvage,900
Lanka,Credits,30000
Lanka,Fieldron,5
Lanka,Gallium,20
Lanka,Alloy Plate,600
Mutalist,Credits,15000
Mutalist,Cernos,1
Mutalist,Plastids,1400
Mutalist,Cryotic,1200
Phantasma,Credits,20000
Phantasma,Argon Crystal,2
Phantasma,Quills Common Pickup,10
Phantasma,Plastids,650
Hind,Credits,25000
Hind,Neurodes,6
Hind,Circuits,700
Hind,Salvage,1000
Vulkar,Credits,20000
Vulkar,Morphics,5
Vulkar,Circuits,800
Vulkar,Salvage,1200
Hek,Credits,25000
Hek,Neurodes,5
Hek,Circuits,900
Hek,Salvage,1200
Phage,Credits,30000
Phage,Mutagen Mass,4
Phage,Circuits,1500
Phage,Nano Spores,6000
Ambassador,Credits,25000
Ambassador,Ambassador Barrel,1
Ambassador,Ambassador Receiver,1
Ambassador,Ambassador Stock,1
Ambassador,Credits,15000
Ambassador,Cubic Diodes,200
Ambassador,Isos,5
Ambassador,Morphics,1
Ambassador,Credits,15000
Ambassador,Carbides,200
Ambassador,Gallos Rods,5
Ambassador,Morphics,1
Ambassador,Credits,15000
Ambassador,Morphics,5
Ambassador,Ferrite,200
Ambassador,Alloy Plate,1100
Acceltra,Credits,25000
Acceltra,Neurodes,4
Acceltra,Hexenon,200
Acceltra,Plastids,925
Attica,Credits,20000
Attica,Morphics,2
Attica,Ferrite,800
Attica,Rubedo,200
Komorex,Credits,20000
Komorex,Fieldron,5
Komorex,Ferrite,6200
Komorex,Hexenon,300
Astilla,Credits,20000
Astilla,Tellurium Market,4
Astilla,Plastids,875
Astilla,Oxium,175
Wraith,Credits,25000
Wraith,Wraith Barrel,1
Wraith,Wraith Receiver,1
Wraith,Wraith Stock,1
Buzlok,Credits,30000
Buzlok,Detonite Injector,2
Buzlok,Salvage,5000
Buzlok,Circuits,600
Grakata,Credits,25000
Grakata,Neurodes,2
Grakata,Alloy Plate,400
Grakata,Salvage,900
Soma Prime,Credits,15000
Soma Prime,Soma Prime Barrel,1
Soma Prime,Soma Prime Receiver,1
Soma Prime,Soma Prime Stock,1
Baza Prime,Credits,15000
Baza Prime,Baza Prime Barrel,1
Baza Prime,Baza Prime Receiver,1
Baza Prime,Baza Prime Stock,1
Astilla Prime,Credits,20000
Astilla Prime,Astilla Prime Barrel,1
Astilla Prime,Astilla Prime Receiver,1
Astilla Prime,Astilla Prime Stock,1
Quellor,Credits,30000
Quellor,Tellurium Market,4
Quellor,Rubedo,6250
Quellor,Circuits,3600
Drakgoon,Credits,30000
Drakgoon,Morphics,5
Drakgoon,Alloy Plate,950
Drakgoon,Nano Spores,5500
Zenith,Credits,30000
Zenith,Morphics,4
Zenith,Circuits,450
Zenith,Polymer Bundle,500
Zenith,Market,2750
Synapse,Credits,30000
Synapse,Mutagen Mass,5
Synapse,Salvage,30000
Synapse,Circuits,3500
Sybaris,Credits,20000
Sybaris,Morphics,2
Sybaris,Salvage,800
Sybaris,Rubedo,200
Hema,Credits,30000
Hema,Mutagen Mass,5
Hema,Salvage,50000
Hema,Circuits,5000
Braton Prime,Credits,15000
Braton Prime,Braton Prime Barrel,1
Braton Prime,Braton Prime Receiver,1
Braton Prime,Braton Prime Stock,1
Boltor Prime,Credits,15000
Boltor Prime,Boltor Prime Barrel,1
Boltor Prime,Boltor Prime Receiver,1
Boltor Prime,Boltor Prime Stock,1
Cernos Prime,Credits,15000
Cernos Prime,Cernos Prime Upper Limb,1
Cernos Prime,Cernos Prime Lower Limb,1
Cernos Prime,Cernos Prime Grip,1
Cernos Prime,Cernos Prime String,1
Zhuge,Credits,20000
Zhuge,Cryotic,2800
Zhuge,Polymer Bundle,900
Zhuge,Nitain Extract,2
Flux Rifle,Credits,25000
Flux Rifle,Fieldron,5
Flux Rifle,Circuits,900
Flux Rifle,Ferrite,6000
Latron Prime,Credits,15000
Latron Prime,Latron Prime Barrel,1
Latron Prime,Latron Prime Receiver,1
Latron Prime,Latron Prime Stock,1
Cernos,Credits,15000
Cernos,Gallium,3
Cernos,Plastids,700
Cernos,Polymer Bundle,600
Shedu,Credits,30000
Shedu,Shedu Barrel,1
Shedu,Shedu Chassis,1
Shedu,Shedu Handle,1
Shedu,Shedu Receiver,1
Burston,Credits,25000
Burston,Morphics,1
Burston,Polymer Bundle,400
Burston,Alloy Plate,150
Veldt,Credits,20000
Veldt,Morphics,10
Veldt,Cryotic,600
Veldt,Ferrite,7250
Veldt,Forma,1
Harpak,Credits,30000
Harpak,Argon Crystal,2
Harpak,Gallium,5
Harpak,Nano Spores,6000
Paris Prime,Credits,15000
Paris Prime,Paris Prime Upper Limb,1
Paris Prime,Paris Prime Lower Limb,1
Paris Prime,Paris Prime Grip,1
Paris Prime,Paris Prime String,1
Amprex,Credits,25000
Amprex,Fieldron,8
Amprex,Plastids,600
Amprex,Ferrite,9000
Tetra,Credits,30000
Tetra,Control Module,2
Tetra,Alloy Plate,400
Tetra,Ferrite,900
Tetra,Polymer Bundle,100
Boar,Credits,15000
Boar,Morphics,6
Boar,Alloy Plate,900
Boar,Salvage,750
Paracyst,Credits,30000
Paracyst,Mutagen Mass,5
Paracyst,Nano Spores,15000
Paracyst,Circuits,1200
Javlok,Credits,30000
Javlok,Detonite Injector,5
Javlok,Alloy Plate,10000
Javlok,Nitain Extract,5
Cedo,Credits,20000
Cedo,Cedo Barrel,1
Cedo,Cedo Stock,1
Cedo,Cedo Receiver,1
Quartakk,Credits,20000
Quartakk,Grokdrul,75
Quartakk,Fersteel Alloy,15
Quartakk,Salvage,12450
Rubico,Credits,20000
Rubico,Salvage,3800
Rubico,Polymer Bundle,1300
Rubico,Rubedo,900
Grinlok,Credits,30000
Grinlok,Detonite Injector,2
Grinlok,Polymer Bundle,5000
Grinlok,Ferrite,5000
Penta,Credits,25000
Penta,Control Module,3
Penta,Circuits,1000
Penta,Ferrite,1200
Tigris Prime,Credits,15000
Tigris Prime,Tigris Prime Barrel,1
Tigris Prime,Tigris Prime Receiver,1
Tigris Prime,Tigris Prime Stock,1
Lenz,Credits,25000
Lenz,Fieldron,10
Lenz,Alloy Plate,8200
Lenz,Cryotic,2400
Vectis Prime,Credits,15000
Vectis Prime,Vectis Prime Barrel,1
Vectis Prime,Vectis Prime Receiver,1
Vectis Prime,Vectis Prime Stock,1
Gorgon,Credits,25000
Gorgon,Morphics,5
Gorgon,Ferrite,5000
Gorgon,Salvage,6000
Tonkor,Credits,60000
Tonkor,Salvage,1500
Tonkor,Oxium,200
Tonkor,Cryotic,800
Dera Vandal,Credits,25000
Dera Vandal,Dera Vandal Barrel,1
Dera Vandal,Dera Vandal Receiver,1
Dera Vandal,Dera Vandal Stock,1
Ignis,Credits,30000
Ignis,Detonite Injector,2
Ignis,Nano Spores,5000
Ignis,Ferrite,5000
Carmine,Credits,20000
Carmine,Carmine Barrel,1
Carmine,Carmine Receiver,1
Carmine,Carmine Stock,1
Scourge,Credits,15000
Scourge,Nitain Extract,2
Scourge,Circuits,2500
Scourge,Oxium,350
Vectis,Credits,25000
Vectis,Neurodes,4
Vectis,Orokin Cell,4
Vectis,Nano Spores,3000
Sporothrix,Credits,20000
Sporothrix,Sporothrix Barrel,1
Sporothrix,Sporothrix Receiver,1
Sporothrix,Sporothrix Stock,1
Glaxion,Credits,20000
Glaxion,Fieldron,1
Glaxion,Circuits,550
Glaxion,Cryotic,2500
Glaxion,Forma,1
Snipetron,Credits,20000
Snipetron,Morphics,5
Snipetron,Plastids,900
Snipetron,Salvage,1200
Boar Prime,Credits,15000
Boar Prime,Boar Prime Barrel,1
Boar Prime,Boar Prime Receiver,1
Boar Prime,Boar Prime Stock,1
Exergis,Credits,20000
Exergis,Argon Crystal,2
Exergis,Repeller Systems,2
Exergis,Oxium,175
Argonak,Credits,30000
Argonak,Detonite Injector,5
Argonak,Plastids,700
Argonak,Alloy Plate,9950
Vandal,Credits,25000
Vandal,Vandal Barrel,1
Vandal,Vandal Receiver,1
Vandal,Vandal Stock,1
Daikyu,Credits,20000
Daikyu,Neurodes,2
Daikyu,Forma,1
Daikyu,Rubedo,300
Stradavar Prime,Credits,20000
Stradavar Prime,Stradavar Prime Barrel,1
Stradavar Prime,Stradavar Prime Receiver,1
Stradavar Prime,Stradavar Prime Stock,1
Corinth Prime,Credits,20000
Corinth Prime,Corinth Prime Barrel,1
Corinth Prime,Corinth Prime Receiver,1
Corinth Prime,Corinth Prime Stock,1
Sybaris Prime,Credits,15000
Sybaris Prime,Sybaris Prime Barrel,1
Sybaris Prime,Sybaris Prime Receiver,1
Sybaris Prime,Sybaris Prime Stock,1
Kohm,Credits,20000
Kohm,Salvage,2500
Kohm,Oxium,500
Kohm,Cryotic,500
Tigris,Credits,25000
Tigris,Orokin Cell,3
Tigris,Circuits,900
Tigris,Salvage,1200
Arca Plasmor,Credits,25000
Arca Plasmor,Fieldron,5
Arca Plasmor,Control Module,25
Arca Plasmor,Cryotic,925
Torid,Credits,30000
Torid,Mutagen Mass,2
Torid,Salvage,4500
Torid,Circuits,600
Torid,Forma,1
Convectrix,Credits,30000
Convectrix,Fieldron,5
Convectrix,Control Module,10
Convectrix,Oxium,900
Proboscis,Credits,15000
Proboscis,Mutalist Cernos,1
Proboscis,Polymer Bundle,1600
Proboscis,Nitain Extract,5
Tenora Prime,Credits,20000
Tenora Prime,Tenora Prime Barrel,1
Tenora Prime,Tenora Prime Receiver,1
Tenora Prime,Tenora Prime Stock,1
Wraith,Credits,25000
Wraith,Wraith Barrel,1
Wraith,Wraith Receiver,1
Wraith,Wraith Stock,1
Dread,Credits,15000
Dread,Morphics,6
Dread,Circuits,900
Dread,Polymer Bundle,750
Mutalist Quanta,Credits,30000
Mutalist Quanta,Mutagen Mass,5
Mutalist Quanta,Nano Spores,15000
Mutalist Quanta,Circuits,1200
Corinth,Credits,20000
Corinth,Nitain Extract,2
Corinth,Alloy Plate,13000
Corinth,Gallium,6
Panthera Prime,Credits,20000
Panthera Prime,Panthera Prime Barrel,1
Panthera Prime,Panthera Prime Receiver,1
Panthera Prime,Panthera Prime Stock,1
Tiberon Prime,Credits,20000
Tiberon Prime,Tiberon Prime Barrel,1
Tiberon Prime,Tiberon Prime Receiver,1
Tiberon Prime,Tiberon Prime Stock,1
Stradavar,Credits,20000
Stradavar,Ferrite,15000
Stradavar,Polymer Bundle,8000
Stradavar,Neural Sensors,3
Wraith,Credits,30000
Wraith,Detonite Injector,5
Wraith,Ferrite,10000
Wraith,Rubedo,5000
Ogris,Credits,30000
Ogris,Detonite Injector,5
Ogris,Salvage,5000
Ogris,Alloy Plate,600
Miter,Credits,15000
Miter,Miter Barrel,1
Miter,Miter Blade,1
Miter,Miter Handle,1
Miter,Miter Chassis,1
Supra,Credits,25000
Supra,Fieldron,7
Supra,Alloy Plate,1000
Supra,Salvage,7000
Panthera,Credits,20000
Panthera,Orokin Cell,1
Panthera,Polymer Bundle,600
Panthera,Hikou,1
Panthera,Miter,1
Quanta,Credits,25000
Quanta,Fieldron,7
Quanta,Circuits,1000
Quanta,Salvage,7000
Tiberon,Credits,20000
Tiberon,Latron,1
Tiberon,Plastids,650
Tiberon,Rubedo,600
Tiberon,Forma,1
Stahlta,Credits,30000
Stahlta,Stahlta Barrel,1
Stahlta,Stahlta Receiver,1
Stahlta,Stahlta Stock,1
Fulmin,Credits,25000
Fulmin,Rubedo,2100
Fulmin,Nano Spores,7500
Fulmin,Argon Crystal,2
Trumna,Credits,20000
Trumna,Seriglass Shard,1
Trumna,Trumna Barrel,1
Trumna,Trumna Receiver,1
Trumna,Trumna Stock,1
Trumna,Credits,20000
Trumna,Adramal Alloy,45
Trumna,Marquise Veridos,15
Trumna,Sporulate Sac,20
Trumna,Credits,20000
Trumna,Tempered Bapholite,30
Trumna,Purified Heciphron,15
Trumna,Waxen Sebum Deposit,10
Trumna,Credits,20000
Trumna,Auroxium Alloy,45
Trumna,Lucent Teroglobe,30
Trumna,Saturated Muscle Mass,20
Nagantaka,Credits,25000
Nagantaka,Neurodes,3
Nagantaka,Gallium,4
Nagantaka,Nano Spores,3000
Sobek,Credits,25000
Sobek,Neurodes,5
Sobek,Circuits,500
Sobek,Salvage,900
Tenora,Credits,20000
Tenora,Neurodes,5
Tenora,Salvage,15000
Tenora,Rubedo,4000
Wraith,Credits,25000
Wraith,Wraith Barrel,1
Wraith,Wraith Receiver,1
Wraith,Wraith Stock,1
Zarr,Credits,30000
Zarr,Kuva,1800
Zarr,Alloy Plate,2400
Zarr,Salvage,5500
Zarr,Drakgoon,1
Simulor,Credits,20000
Simulor,Ferrite,1200
Simulor,Polymer Bundle,850
Simulor,Orokin Cell,1
Paris,Credits,15000
Paris,Morphics,3
Paris,Plastids,600
Paris,Polymer Bundle,700
Baza,Credits,20000
Baza,Ferrite,3500
Baza,Alloy Plate,4300
Baza,Cryotic,575
Wraith,Credits,25000
Wraith,Wraith Barrel,1
Wraith,Wraith Receiver,1
Wraith,Wraith Stock,1
Latron,Credits,20000
Latron,Morphics,5
Latron,Plastids,800
Latron,Alloy Plate,1000
Boltor,Credits,25000
Boltor,Neurodes,2
Boltor,Alloy Plate,100
Boltor,Salvage,900
Dera,Credits,25000
Dera,Fieldron,2
Dera,Circuits,600
Dera,Ferrite,4500
Vandal,Credits,25000
Vandal,Vandal Barrel,1
Vandal,Vandal Receiver,1
Vandal,Vandal Stock,1
Burston Prime,Credits,15000
Burston Prime,Burston Prime Barrel,1
Burston Prime,Burston Prime Receiver,1
Burston Prime,Burston Prime Stock,1
Soma,Credits,15000
Soma,Morphics,7
Soma,Plastids,850
Soma,Rubedo,1200
Aksomati,Credits,20000
Aksomati,Akstiletto,1
Aksomati,Cryotic,200
Aksomati,Orokin Cell,1
Detron,Credits,15000
Detron,Detron Barrel,1
Detron,Detron Receiver,1
Detron,Orokin Cell,10
Talons,Credits,20000
Talons,Control Module,2
Talons,Ferrite,1500
Talons,Oxium,1200
Pandero,Credits,20000
Pandero,Argon Crystal,2
Pandero,Circuits,4500
Pandero,Cryotic,5500
Cyanex,Credits,20000
Cyanex,Fieldron,5
Cyanex,Nano Spores,8750
Cyanex,Hexenon,250
Akstiletto Prime,Credits,15000
Akstiletto Prime,Akstiletto Prime Barrel,2
Akstiletto Prime,Akstiletto Prime Receiver,2
Akstiletto Prime,Akstiletto Prime Link,1
Twin Vipers,Credits,20000
Twin Vipers,Viper,1
Twin Vipers,Viper,1
Twin Vipers,Orokin Cell,1
Kunai,Credits,15000
Kunai,Morphics,5
Kunai,Ferrite,3000
Kunai,Nano Spores,4000
Castanas,Credits,20000
Castanas,Control Module,2
Castanas,Salvage,800
Castanas,Circuits,200
Afuris,Credits,20000
Afuris,Furis,1
Afuris,Furis,1
Afuris,Orokin Cell,1
Ballistica Prime,Credits,15000
Ballistica Prime,Ballistica Prime Upper Limb,1
Ballistica Prime,Ballistica Prime Lower Limb,1
Ballistica Prime,Ballistica Prime String,1
Ballistica Prime,Ballistica Prime Receiver,1
Embolist,Credits,30000
Embolist,Mutagen Mass,5
Embolist,Salvage,15000
Embolist,Circuits,1200
Zakti Prime,Credits,20000
Zakti Prime,Zakti Prime Barrel,1
Zakti Prime,Zakti Prime Receiver,1
Zakti Prime,Orokin Cell,10
Twin Kohmak,Credits,20000
Twin Kohmak,Kohmak,1
Twin Kohmak,Kohmak,1
Twin Kohmak,Forma,1
Pyrana Prime,Credits,15000
Pyrana Prime,Pyrana Prime Barrel,1
Pyrana Prime,Pyrana Prime Receiver,1
Pyrana Prime,Orokin Cell,10
Pox,Credits,30000
Pox,Mutagen Mass,4
Pox,Nano Spores,6500
Pox,Rubedo,1200
Twin Grakatas,Credits,30000
Twin Grakatas,Grakata,1
Twin Grakatas,Grakata,1
Twin Grakatas,Forma,1
Ballistica,Credits,25000
Ballistica,Neurodes,3
Ballistica,Gallium,4
Ballistica,Nano Spores,3000
Furis,Credits,20000
Furis,Ferrite,750
Furis,Alloy Plate,300
Furis,Salvage,400
Hikou Prime,Credits,15000
Hikou Prime,Hikou Prime Pouch,2
Hikou Prime,Hikou Prime Stars,2
Hikou Prime,Orokin Cell,8
Spira Prime,Credits,15000
Spira Prime,Spira Prime Pouch,2
Spira Prime,Spira Prime Blade,2
Spira Prime,Orokin Cell,8
Akbronco,Credits,20000
Akbronco,Bronco,1
Akbronco,Bronco,1
Akbronco,Orokin Cell,1
Spectra Vandal,Credits,25000
Spectra Vandal,Spectra Vandal Barrel,1
Spectra Vandal,Spectra Vandal Handle,1
Spectra Vandal,Spectra Vandal Chassis,1
Sicarus Prime,Credits,15000
Sicarus Prime,Sicarus Prime Barrel,1
Sicarus Prime,Sicarus Prime Receiver,1
Sicarus Prime,Orokin Cell,10
Akbolto,Credits,20000
Akbolto,Bolto,1
Akbolto,Bolto,1
Akbolto,Orokin Cell,1
Akjagara,Credits,20000
Akjagara,Akbolto,1
Akjagara,Dual Skana,1
Akjagara,Orokin Cell,2
Vasto,Credits,30000
Vasto,Neurodes,4
Vasto,Alloy Plate,1200
Vasto,Ferrite,700
Sepulcrum,Credits,20000
Sepulcrum,Seriglass Shard,1
Sepulcrum,Sepulcrum Barrel,1
Sepulcrum,Sepulcrum Receiver,1
Sepulcrum,Credits,20000
Sepulcrum,Travocyte Alloy,30
Sepulcrum,Purified Heciphron,5
Sepulcrum,Pustulent Cognitive Nodule,20
Sepulcrum,Credits,20000
Sepulcrum,Coprite Alloy,40
Sepulcrum,Purified Heciphron,5
Sepulcrum,Dendrite Blastoma,20
Bronco Prime,Credits,15000
Bronco Prime,Bronco Prime Barrel,1
Bronco Prime,Bronco Prime Receiver,1
Bronco Prime,Orokin Cell,10
Akbolto Prime,Credits,15000
Akbolto Prime,Akbolto Prime Barrel,2
Akbolto Prime,Akbolto Prime Receiver,2
Akbolto Prime,Akbolto Prime Link,1
Kraken,Credits,25000
Kraken,Neurodes,2
Kraken,Alloy Plate,200
Kraken,Salvage,750
Hystrix,Credits,20000
Hystrix,Bolto,1
Hystrix,Viper,1
Hystrix,Ferrite,9750
Spectra,Credits,25000
Spectra,Fieldron,3
Spectra,Circuits,700
Spectra,Ferrite,5000
Cycron,Credits,25000
Cycron,Fieldron,4
Cycron,Ferrite,9000
Cycron,Circuits,1500
Akzani,Credits,20000
Akzani,Salvage,1500
Akzani,Polymer Bundle,1000
Akzani,Morphics,2
Zakti,Credits,15000
Zakti,Control Module,8
Zakti,Plastids,350
Zakti,Alloy Plate,6500
Akvasto Prime,Credits,15000
Akvasto Prime,Vasto Prime,1
Akvasto Prime,Vasto Prime,1
Akvasto Prime,Akvasto Prime Link,1
Epitaph,Credits,20000
Epitaph,Epitaph Barrel,1
Epitaph,Epitaph Receiver,1
Epitaph,Orokin Cell,7
Nukor,Credits,30000
Nukor,Detonite Injector,2
Nukor,Morphics,2
Nukor,Salvage,5500
Wraith,Credits,25000
Wraith,Wraith Barrel,1
Wraith,Wraith Receiver,1
Wraith,Wraith Link,1
Twin Gremlins,Credits,25000
Twin Gremlins,Neurodes,5
Twin Gremlins,Circuits,900
Twin Gremlins,Salvage,1500
Kulstar,Credits,30000
Kulstar,Kraken,1
Kulstar,Tellurium Market,2
Kulstar,Cryotic,4800
Kulstar,Market,3600
Vasto Prime,Credits,15000
Vasto Prime,Vasto Prime Barrel,1
Vasto Prime,Vasto Prime Receiver,1
Vasto Prime,Orokin Cell,10
Athodai,Credits,20000
Athodai,Athodai Barrel,1
Athodai,Athodai Receiver,1
Athodai,Orokin Cell,5
Aksomati Prime,Credits,15000
Aksomati Prime,Aksomati Prime Barrel,2
Aksomati Prime,Aksomati Prime Receiver,2
Aksomati Prime,Aksomati Prime Link,1
Viper,Credits,20000
Viper,Salvage,300
Viper,Ferrite,600
Viper,Nano Spores,900
Plinx,Credits,20000
Plinx,Argon Crystal,2
Plinx,Alloy Plate,4375
Plinx,Cryotic,575
Quatz,Credits,30000
Quatz,Argon Crystal,2
Quatz,Neurodes,5
Quatz,Rubedo,4200
Spira,Credits,15000
Spira,Gallium,5
Spira,Ferrite,2500
Spira,Plastids,800
Knell,Credits,15000
Knell,Argon Crystal,2
Knell,Rubedo,5200
Knell,Cryotic,3800
Zymos,Credits,20000
Zymos,Zymos Barrel,1
Zymos,Zymos Receiver,1
Zymos,Credits,20000
Zymos,Tempered Bapholite,20
Zymos,Purified Heciphron,5
Zymos,Dendrite Blastoma,8
Zymos,Credits,20000
Zymos,Adramal Alloy,20
Zymos,Purified Heciphron,5
Zymos,Pustulent Cognitive Nodule,8
Akstiletto,Credits,20000
Akstiletto,Gallium,2
Akstiletto,Salvage,800
Akstiletto,Alloy Plate,200
Tysis,Credits,30000
Tysis,Neurodes,2
Tysis,Plastids,400
Tysis,Nano Spores,900
Dual Toxocyst,Credits,30000
Dual Toxocyst,Mutagen Mass,4
Dual Toxocyst,Nano Spores,6500
Dual Toxocyst,Plastids,1100
Brakk,Credits,15000
Brakk,Brakk Barrel,1
Brakk,Brakk Receiver,1
Brakk,Orokin Cell,10
Staticor,Credits,25000
Staticor,Fieldron,10
Staticor,Alloy Plate,6000
Staticor,Ferrite,9000
Fusilai,Credits,20000
Fusilai,Rubedo,2950
Fusilai,Salvage,10000
Fusilai,Polymer Bundle,1350
Pandero Prime,Credits,20000
Pandero Prime,Pandero Prime Barrel,1
Pandero Prime,Pandero Prime Receiver,1
Pandero Prime,Orokin Cell,10
Ocucor,Credits,25000
Ocucor,Fieldron,10
Ocucor,Thermal Sludge,40
Ocucor,Venerdo Alloy,55
Bolto,Credits,20000
Bolto,Lato,1
Bolto,Polymer Bundle,800
Bolto,Orokin Cell,2
Arca Scisco,Credits,25000
Arca Scisco,Fieldron,5
Arca Scisco,Oxium,250
Arca Scisco,Salvage,12500
Stug,Credits,20000
Stug,Neurodes,3
Stug,Gallium,4
Stug,Salvage,3000
Akmagnus,Credits,20000
Akmagnus,Magnus,1
Akmagnus,Magnus,1
Akmagnus,Orokin Cell,2
Pyrana,Credits,20000
Pyrana,Control Module,2
Pyrana,Salvage,800
Pyrana,Alloy Plate,200
Marelok,Credits,30000
Marelok,Detonite Injector,2
Marelok,Polymer Bundle,5000
Marelok,Salvage,5000
Marelok,Forma,1
Lex Prime,Credits,15000
Lex Prime,Lex Prime Barrel,1
Lex Prime,Lex Prime Receiver,1
Lex Prime,Orokin Cell,10
Atomos,Credits,60000
Atomos,Salvage,1500
Atomos,Polymer Bundle,1300
Atomos,Rubedo,800
Azima,Credits,30000
Azima,Morphics,4
Azima,Circuits,450
Azima,Polymer Bundle,500
Azima,Market,2750
Euphona Prime,Credits,15000
Euphona Prime,Euphona Prime Barrel,1
Euphona Prime,Euphona Prime Receiver,1
Euphona Prime,Orokin Cell,5
Akarius,Credits,20000
Akarius,Neurodes,3
Akarius,Hexenon,150
Akarius,Polymer Bundle,1600
Akvasto,Credits,20000
Akvasto,Vasto,1
Akvasto,Vasto,1
Akvasto,Orokin Cell,2
Gammacor,Credits,20000
Gammacor,Alloy Plate,2500
Gammacor,Plastids,650
Gammacor,Circuits,400
Bronco,Credits,20000
Bronco,Neurodes,2
Bronco,Alloy Plate,1200
Bronco,Ferrite,700
Catabolyst,Credits,30000
Catabolyst,Scintillant,5
Catabolyst,Ocular Stem - Root,4
Catabolyst,Mutagen Mass,7
Stubba,Credits,20000
Stubba,Grokdrul,45
Stubba,Coprite Alloy,25
Stubba,Ferrite,4485
Stubba,Neurodes,2
Twin Rogga,Credits,30000
Twin Rogga,Argon Crystal,2
Twin Rogga,Kuva,1600
Twin Rogga,Alloy Plate,2600
Sonicor,Credits,20000
Sonicor,Alloy Plate,6500
Sonicor,Oxium,600
Sonicor,Plastids,2600
Cestra,Credits,25000
Cestra,Nano Spores,3000
Cestra,Rubedo,1200
Cestra,Gallium,4
Akjagara Prime,Credits,15000
Akjagara Prime,Akjagara Prime Barrel,2
Akjagara Prime,Akjagara Prime Receiver,2
Akjagara Prime,Akjagara Prime Link,1
Acrid,Credits,30000
Acrid,Mutagen Mass,5
Acrid,Salvage,6000
Acrid,Nano Spores,5000
Acrid,Forma,1
Angstrum,Credits,25000
Angstrum,Alloy Plate,600
Angstrum,Circuits,400
Angstrum,Salvage,900
Magnus,Credits,25000
Magnus,Orokin Cell,2
Magnus,Alloy Plate,400
Magnus,Salvage,900
Vandal,Credits,25000
Vandal,Vandal Barrel,1
Vandal,Vandal Receiver,1
Dual Cestra,Credits,25000
Dual Cestra,Cestra,1
Dual Cestra,Cestra,1
Dual Cestra,Fieldron,2
Velox,Credits,20000
Velox,Velox Barrel,1
Velox,Velox Receiver,1
Velox,Orokin Cell,3
Hikou,Credits,15000
Hikou,Morphics,5
Hikou,Plastids,500
Hikou,Rubedo,600
Aklex Prime,Credits,15000
Aklex Prime,Lex Prime,1
Aklex Prime,Lex Prime,1
Aklex Prime,Aklex Prime Link,1
Kohmak,Credits,30000
Kohmak,Detonite Injector,2
Kohmak,Ferrite,5000
Kohmak,Plastids,5000
Aklex,Credits,15000
Aklex,Lex,1
Aklex,Lex,1
Aklex,Orokin Cell,1
Seer,Credits,15000
Seer,Seer Barrel,1
Seer,Seer Receiver,1
Seer,Orokin Cell,2
Kompressa,Credits,25000
Kompressa,Orokin Cell,3
Kompressa,Kompressa Barrel,1
Kompressa,Kompressa Receiver,1
Kompressa,Credits,15000
Kompressa,Hespazym Alloy,10
Kompressa,Goblite Tears,10
Kompressa,Lathe Coagulant,20
Kompressa,Credits,15000
Kompressa,Axidrol Alloy,20
Kompressa,Star Amarast,6
Kompressa,Tink Dissipator Coil,10
Akbronco Prime,Credits,15000
Akbronco Prime,Bronco Prime,1
Akbronco Prime,Bronco Prime,1
Akbronco Prime,Akbronco Prime Link,1
Despair,Credits,15000
Despair,Morphics,10
Despair,Ferrite,5000
Despair,Alloy Plate,800
Karyst,Credits,20000
Karyst,Salvage,1500
Karyst,Polymer Bundle,800
Karyst,Oxium,100
Quassus,Credits,20000
Quassus,Devolved Namalon,60
Quassus,Spinal Core Section,15
Quassus,Scintillant,5
Ghoulsaw,Credits,30000
Ghoulsaw,Ghoulsaw Blade,1
Ghoulsaw,Ghoulsaw Chassis,1
Ghoulsaw,Ghoulsaw Engine,1
Ghoulsaw,Ghoulsaw Grip,1
Ghoulsaw,Credits,30000
Ghoulsaw,Tellurium,1
Ghoulsaw,Sharrac Teeth,15
Ghoulsaw,Rubedo,675
Ghoulsaw,Alloy Plate,2875
Ghoulsaw,Credits,30000
Ghoulsaw,Morphics,5
Ghoulsaw,Oxium,120
Ghoulsaw,Coprite Alloy,40
Ghoulsaw,Salvage,1825
Ghoulsaw,Credits,30000
Ghoulsaw,Control Module,5
Ghoulsaw,Circuits,450
Ghoulsaw,Grokdrul,55
Ghoulsaw,Ferrite,3150
Ghoulsaw,Credits,30000
Ghoulsaw,Gallium,3
Ghoulsaw,Kuaka Spinal Claw,20
Ghoulsaw,Polymer Bundle,925
Ghoulsaw,Nano Spores,1700
Lesion,Credits,15000
Lesion,Tipedo,1
Lesion,Plastids,1400
Lesion,Neurodes,4
Fragor,Credits,30000
Fragor,Gallium,3
Fragor,Salvage,750
Fragor,Rubedo,300
Pathocyst,Credits,30000
Pathocyst,Pathocyst Blade,2
Pathocyst,Pathocyst Subcortex,1
Pathocyst,Neurodes,5
Reaper Prime,Credits,15000
Reaper Prime,Reaper Prime Blade,1
Reaper Prime,Reaper Prime Handle,1
Reaper Prime,Orokin Cell,10
Twin Krohkur,Credits,20000
Twin Krohkur,Detonite Injector,5
Twin Krohkur,Forma,1
Twin Krohkur,Krohkur,1
Twin Krohkur,Krohkur,1
Gazal Machete,Credits,20000
Gazal Machete,Argon Crystal,2
Gazal Machete,Salvage,2600
Gazal Machete,Alloy Plate,1900
Dark Sword,Credits,20000
Dark Sword,Neurodes,2
Dark Sword,Ferrite,800
Dark Sword,Plastids,200
Plasma Sword,Credits,20000
Plasma Sword,Orokin Cell,1
Plasma Sword,Ferrite,500
Plasma Sword,Salvage,450
Sheev,Credits,20000
Sheev,Sheev Blade,1
Sheev,Sheev Heatsink,1
Sheev,Sheev Hilt,1
Dual Heat Swords,Credits,20000
Dual Heat Swords,Morphics,2
Dual Heat Swords,Salvage,900
Dual Heat Swords,Ferrite,1000
Jat Kusar,Credits,15000
Jat Kusar,Detonite Injector,7
Jat Kusar,Salvage,7500
Jat Kusar,Rubedo,2000
Sigma & Octantis,Credits,30000
Sigma & Octantis,Morphics,4
Sigma & Octantis,Circuits,450
Sigma & Octantis,Polymer Bundle,500
Sigma & Octantis,Market,2750
Guandao Prime,Credits,5000
Guandao Prime,Guandao Prime Blade,2
Guandao Prime,Guandao Prime Handle,1
Guandao Prime,Orokin Cell,15
Nami Skyla,Credits,20000
Nami Skyla,Neurodes,2
Nami Skyla,Polymer Bundle,800
Nami Skyla,Rubedo,200
Korrudo,Credits,30000
Korrudo,Auroxium Alloy,25
Korrudo,Esher Devar,15
Korrudo,Breath Of The Eidolon,5
Serro,Credits,20000
Serro,Fieldron,1
Serro,Circuits,400
Serro,Salvage,1000
Scindo Prime,Credits,15000
Scindo Prime,Scindo Prime Blade,1
Scindo Prime,Scindo Prime Handle,1
Scindo Prime,Orokin Cell,15
Dual Ichor,Credits,30000
Dual Ichor,Mutagen Mass,4
Dual Ichor,Circuits,1200
Dual Ichor,Salvage,15000
Dual Ichor,Forma,1
Lecta,Credits,20000
Lecta,Morphics,2
Lecta,Salvage,900
Lecta,Ferrite,1000
Jaw Sword,Credits,15000
Jaw Sword,Ferrite,500
Jaw Sword,Morphics,1
Jaw Sword,Polymer Bundle,75
Magistar,Credits,25000
Magistar,Gallium,3
Magistar,Ferrite,750
Magistar,Rubedo,300
War,Credits,20000
War,Polymer Bundle,2300
War,Rubedo,1400
War,Nitain Extract,5
War,Broken War,1
Kronen Prime,Credits,20000
Kronen Prime,Kronen Prime Blade,2
Kronen Prime,Kronen Prime Handle,2
Kronen Prime,Orokin Cell,15
Arca Titron,Credits,20000
Arca Titron,Argon Crystal,2
Arca Titron,Gallium,6
Arca Titron,Circuits,2150
Endura,Credits,20000
Endura,Alloy Plate,12000
Endura,Plastids,1200
Endura,Gallium,2
Cronus,Credits,15000
Cronus,Morphics,1
Cronus,Ferrite,500
Cronus,Polymer Bundle,75
Wolf Sledge,Credits,30000
Wolf Sledge,Nitain Extract,5
Wolf Sledge,Wolf Sledge Handle,1
Wolf Sledge,Wolf Sledge Head,1
Wolf Sledge,Wolf Sledge Motor,1
Kreska,Credits,25000
Kreska,Fieldron,10
Kreska,Mytocardia Spore,40
Kreska,Star Amarast,25
Tipedo Prime,Credits,20000
Tipedo Prime,Tipedo Prime Handle,1
Tipedo Prime,Tipedo Prime Ornament,2
Tipedo Prime,Orokin Cell,15
Ninkondi,Credits,20000
Ninkondi,Ferrite,4000
Ninkondi,Polymer Bundle,1200
Ninkondi,Plastids,800
Zenistar,Credits,30000
Zenistar,Morphics,4
Zenistar,Circuits,450
Zenistar,Polymer Bundle,500
Zenistar,Market,2750
Ripkas,Credits,40000
Ripkas,Ankyros,1
Ripkas,Dual Cleavers,1
Ripkas,Tellurium Market,2
Ripkas,Forma,1
Broken Scepter,Credits,25000
Broken Scepter,Kuva,5000
Broken Scepter,Morphics,2
Broken Scepter,Rubedo,300
Broken Scepter,Market,2500
Kesheg,Credits,20000
Kesheg,Detonite Injector,5
Kesheg,Kuva,1400
Kesheg,Ferrite,6000
Dual Keres,Credits,20000
Dual Keres,Argon Crystal,2
Dual Keres,Oxium,230
Dual Keres,Salvage,13250
Krohkur,Credits,20000
Krohkur,Tellurium Market,5
Krohkur,Morphics,8
Krohkur,Oxium,125
Venka,Credits,20000
Venka,Gallium,4
Venka,Salvage,1000
Venka,Plastids,500
Nami Solo,Credits,20000
Nami Solo,Ferrite,1500
Nami Solo,Polymer Bundle,800
Nami Solo,Rubedo,200
Nami Solo,Argon Crystal,2
Dual Ether,Credits,20000
Dual Ether,Morphics,3
Dual Ether,Salvage,900
Dual Ether,Ferrite,850
Prova,Credits,20000
Prova,Fieldron,1
Prova,Alloy Plate,300
Prova,Salvage,1000
Orthos,Credits,20000
Orthos,Morphics,4
Orthos,Polymer Bundle,500
Orthos,Ferrite,850
Hate,Credits,15000
Hate,Morphics,10
Hate,Ferrite,5000
Hate,Nano Spores,6000
Kestrel,Credits,15000
Kestrel,Morphics,8
Kestrel,Ferrite,4800
Kestrel,Nano Spores,5000
Caustacyst,Credits,30000
Caustacyst,Mutagen Mass,10
Caustacyst,Ferrite,15000
Caustacyst,Plastids,4000
Okina,Credits,20000
Okina,Tellurium Market,2
Okina,Alloy Plate,4200
Okina,Polymer Bundle,3400
Dark Split-Sword (Dual Swords),Credits,20000
Dark Split-Sword (Dual Swords),Dual Skana,1
Dark Split-Sword (Dual Swords),Forma,1
Dark Split-Sword (Dual Swords),Rubedo,1200
Tekko,Credits,20000
Tekko,Gallium,5
Tekko,Rubedo,700
Tekko,Polymer Bundle,3300
Tekko,Ankyros,1
Dual Raza,Credits,20000
Dual Raza,Dual Kamas,1
Dual Raza,Cryotic,200
Dual Raza,Alloy Plate,200
Twin Basolk,Credits,30000
Twin Basolk,Dual Zoren,1
Twin Basolk,Atomos,1
Twin Basolk,Control Module,2
Ceti,Credits,25000
Ceti,Salvage,8150
Ceti,Oxium,400
Ceti,Rubedo,5950
Tatsu,Credits,5000
Tatsu,Argon Crystal,2
Tatsu,Kuva,1200
Tatsu,Auroxium Alloy,100
Gram Prime,Credits,15000
Gram Prime,Gram Prime Blade,1
Gram Prime,Gram Prime Handle,1
Gram Prime,Orokin Cell,15
Ether Daggers,Credits,20000
Ether Daggers,Morphics,5
Ether Daggers,Polymer Bundle,600
Ether Daggers,Ferrite,600
Galatine Prime,Credits,15000
Galatine Prime,Galatine Prime Blade,1
Galatine Prime,Galatine Prime Handle,1
Galatine Prime,Orokin Cell,15
Cadus,Credits,20000
Cadus,Neural Sensors,2
Cadus,Polymer Bundle,3000
Cadus,Circuits,1600
Cadus,Bo,1
Fang,Credits,20000
Fang,Polymer Bundle,600
Fang,Ferrite,600
Fang,Nano Spores,900
Sydon,Credits,20000
Sydon,Detonite Injector,5
Sydon,Circuits,1100
Sydon,Salvage,4000
Sydon,Amphis,1
Cobra & Crane,Credits,20000
Cobra & Crane,Argon Crystal,2
Cobra & Crane,Rubedo,4000
Cobra & Crane,Plastids,875
Hirudo,Credits,30000
Hirudo,Kogake,1
Hirudo,Nitain Extract,3
Hirudo,Plastids,1100
Atterax,Credits,20000
Atterax,Salvage,1500
Atterax,Polymer Bundle,800
Atterax,Rubedo,200
Pulmonars,Credits,15000
Pulmonars,Argon Crystal,2
Pulmonars,Parasitic Tethermaw,24
Pulmonars,Devolved Namalon,60
Destreza Prime,Credits,15000
Destreza Prime,Destreza Prime Blade,1
Destreza Prime,Destreza Prime Handle,1
Destreza Prime,Orokin Cell,10
Orvius,Credits,15000
Orvius,Orvius Blade,2
Orvius,Orvius Disc,1
Orvius,Orokin Cell,10
Paracesis,Credits,30000
Paracesis,Ducats,1000
Paracesis,Galatine,1
Paracesis,Sentient Shard Common,5
Obex,Credits,30000
Obex,Circuits,650
Obex,Salvage,900
Obex,Ferrite,700
Glaive,Credits,15000
Glaive,Morphics,10
Glaive,Ferrite,5000
Glaive,Nano Spores,6000
Pangolin Sword,Credits,20000
Pangolin Sword,Control Module,1
Pangolin Sword,Ferrite,750
Pangolin Sword,Circuits,300
Venka Prime,Credits,15000
Venka Prime,Venka Prime Blades,2
Venka Prime,Venka Prime Gauntlet,2
Venka Prime,Orokin Cell,15
Gram,Credits,30000
Gram,Gallium,3
Gram,Salvage,750
Gram,Rubedo,300
Heat Dagger,Credits,15000
Heat Dagger,Ferrite,500
Heat Dagger,Circuits,150
Heat Dagger,Polymer Bundle,75
Mios,Credits,30000
Mios,Mutagen Mass,4
Mios,Nano Spores,15000
Mios,Plastids,1200
Dual Skana,Credits,20000
Dual Skana,Morphics,2
Dual Skana,Polymer Bundle,300
Dual Skana,Ferrite,850
Dragon,Credits,5000
Dragon,Argon Crystal,1
Dragon,Oxium,75
Dragon,Nikana,1
Gunsen,Credits,20000
Gunsen,Oxium,200
Gunsen,Tellurium Market,3
Gunsen,Plastids,1150
Scindo,Credits,30000
Scindo,Gallium,3
Scindo,Salvage,750
Scindo,Circuits,300
Silva & Aegis,Credits,20000
Silva & Aegis,Gallium,3
Silva & Aegis,Alloy Plate,600
Silva & Aegis,Ferrite,1200
Kogake,Credits,30000
Kogake,Rubedo,400
Kogake,Morphics,3
Kogake,Ferrite,1200
Sarpa,Credits,20000
Sarpa,Akstiletto,1
Sarpa,Cryotic,3300
Sarpa,Plastids,1000
Ether Sword,Credits,20000
Ether Sword,Morphics,4
Ether Sword,Rubedo,700
Ether Sword,Ferrite,900
Scoliac,Credits,30000
Scoliac,Mutagen Mass,4
Scoliac,Nano Spores,15000
Scoliac,Plastids,1200
Cerata,Credits,30000
Cerata,Mutagen Mass,4
Cerata,Cryotic,2500
Cerata,Plastids,1200
Cassowar,Credits,20000
Cassowar,Forma,1
Cassowar,Rubedo,1000
Cassowar,Salvage,5700
Dark Dagger,Credits,15000
Dark Dagger,Neurodes,2
Dark Dagger,Ferrite,500
Dark Dagger,Plastids,500
Heat Sword,Credits,20000
Heat Sword,Neural Sensors,1
Heat Sword,Ferrite,500
Heat Sword,Circuits,300
Ceramic Dagger,Credits,15000
Ceramic Dagger,Gallium,4
Ceramic Dagger,Ferrite,500
Ceramic Dagger,Alloy Plate,500
Volnus,Credits,20000
Volnus,Oxium,225
Volnus,Argon Crystal,2
Volnus,Alloy Plate,11000
Silva & Aegis Prime,Credits,20000
Silva & Aegis Prime,Silva & Aegis Prime Blade,1
Silva & Aegis Prime,Silva & Aegis Prime Guard,1
Silva & Aegis Prime,Silva & Aegis Prime Hilt,1
Stropha,Credits,30000
Stropha,Stropha Barrel,1
Stropha,Stropha Blade,1
Stropha,Stropha Receiver,1
Stropha,Stropha Stock,1
Tipedo,Credits,20000
Tipedo,Neural Sensors,2
Tipedo,Polymer Bundle,1600
Tipedo,Kunai,1
Tipedo,Bo,1
Destreza,Credits,20000
Destreza,Alloy Plate,10000
Destreza,Plastids,1700
Destreza,Nitain Extract,5
Anku,Credits,20000
Anku,Gallium,2
Anku,Salvage,800
Anku,Circuits,200
Dual Cleavers,Credits,20000
Dual Cleavers,Gallium,5
Dual Cleavers,Salvage,1000
Dual Cleavers,Polymer Bundle,800
Boltace,Credits,20000
Boltace,Boltor,1
Boltace,Kronen,1
Boltace,Gallium,2
Redeemer Prime,Credits,15000
Redeemer Prime,Redeemer Prime Blade,1
Redeemer Prime,Redeemer Prime Handle,1
Redeemer Prime,Orokin Cell,15
Dakra Prime,Credits,15000
Dakra Prime,Dakra Prime Blade,1
Dakra Prime,Dakra Prime Handle,1
Dakra Prime,Orokin Cell,15
Vitrica,Credits,20000
Vitrica,Orokin Cell,15
Vitrica,Oxium,925
Vitrica,Tempered Bapholite,60
Ohma,Credits,20000
Ohma,Nitain Extract,4
Ohma,Ferrite,15000
Ohma,Plastids,1400
Machete,Credits,15000
Machete,Gallium,4
Machete,Salvage,750
Machete,Plastids,800
Pennant,Credits,30000
Pennant,Tellurium Market,2
Pennant,Rubedo,2100
Pennant,Polymer Bundle,1550
Redeemer,Credits,20000
Redeemer,Vasto,1
Redeemer,Dual Skana,1
Redeemer,Argon Crystal,2
Arum Spinosa,Credits,5000
Arum Spinosa,Arum Spinosa Guard,2
Arum Spinosa,Arum Spinosa Rivet,1
Arum Spinosa,Trapezium Xenorhast,1
Bo,Credits,15000
Bo,Orokin Cell,1
Bo,Salvage,900
Bo,Ferrite,600
Volnus Prime,Credits,20000
Volnus Prime,Volnus Prime Head,1
Volnus Prime,Volnus Prime Handle,1
Volnus Prime,Orokin Cell,15
Sibear,Credits,30000
Sibear,Magistar,1
Sibear,Cryotic,30000
Sibear,Alloy Plate,50000
Guandao,Credits,15000
Guandao,Gallium,3
Guandao,Oxium,65
Guandao,Polymer Bundle,750
Nami Prime,Credits,15000
Nami Prime,Nami Prime Blade,2
Nami Prime,Nami Prime Handle,2
Nami Prime,Orokin Cell,15
Shaku,Credits,20000
Shaku,Ninkondi,1
Shaku,Forma,1
Shaku,Plastids,1100
Pangolin Prime,Credits,15000
Pangolin Prime,Pangolin Prime Blade,1
Pangolin Prime,Pangolin Prime Handle,1
Pangolin Prime,Orokin Cell,15
Heliocor,Credits,20000
Heliocor,Gammacor,1
Heliocor,Polymer Bundle,700
Heliocor,Rubedo,1200
Ankyros,Credits,30000
Ankyros,Nano Spores,900
Ankyros,Salvage,900
Ankyros,Ferrite,600
Ankyros Prime,Credits,15000
Ankyros Prime,Ankyros Prime Blade,2
Ankyros Prime,Ankyros Prime Gauntlet,2
Ankyros Prime,Orokin Cell,10
Karyst Prime,Credits,20000
Karyst Prime,Karyst Prime Blade,1
Karyst Prime,Karyst Prime Handle,1
Karyst Prime,Orokin Cell,15
Keratinos,Credits,20000
Keratinos,Keratinos Blade,2
Keratinos,Keratinos Gauntlet,2
Nikana Prime,Credits,15000
Nikana Prime,Nikana Prime Blade,1
Nikana Prime,Nikana Prime Hilt,1
Nikana Prime,Orokin Cell,15
Pupacyst,Credits,30000
Pupacyst,Mutagen Mass,5
Pupacyst,Salvage,8750
Pupacyst,Rubedo,2250
Nikana,Credits,5000
Nikana,Argon Crystal,3
Nikana,Oxium,75
Nikana,Alloy Plate,200
Fang Prime,Credits,15000
Fang Prime,Fang Prime Blade,2
Fang Prime,Fang Prime Handle,2
Kogake Prime,Credits,15000
Kogake Prime,Kogake Prime Gauntlet,2
Kogake Prime,Kogake Prime Boot,2
Kogake Prime,Orokin Cell,15
Tekko Prime,Credits,20000
Tekko Prime,Tekko Prime Blade,2
Tekko Prime,Tekko Prime Gauntlet,2
Tekko Prime,Orokin Cell,15
Dark Split-Sword (Heavy Blade),Credits,20000
Dark Split-Sword (Heavy Blade),Dual Skana,1
Dark Split-Sword (Heavy Blade),Forma,1
Dark Split-Sword (Heavy Blade),Rubedo,1200
Falcor,Credits,20000
Falcor,Fieldron,5
Falcor,Alloy Plate,8500
Falcor,Circuits,1650
Tonbo,Credits,20000
Tonbo,Control Module,2
Tonbo,Plastids,800
Tonbo,Ferrite,2000
Skana,Credits,15000
Skana,Salvage,750
Skana,Plastids,500
Skana,Alloy Plate,1100
Glaive Prime,Credits,15000
Glaive Prime,Glaive Prime Blade,2
Glaive Prime,Glaive Prime Disc,1
Glaive Prime,Orokin Cell,10
Ack & Brunt,Credits,65000
Ack & Brunt,Detonite Injector,5
Ack & Brunt,Salvage,7500
Ack & Brunt,Cryotic,3300
Ack & Brunt,Forma,1
Lacera,Credits,20000
Lacera,Morphics,2
Lacera,Polymer Bundle,4200
Lacera,Rubedo,1200
Galatine,Credits,30000
Galatine,Gallium,4
Galatine,Salvage,750
Galatine,Rubedo,500
Masseter,Credits,20000
Masseter,Argon Crystal,2
Masseter,Cryotic,650
Masseter,Oxium,225
Fragor Prime,Credits,15000
Fragor Prime,Fragor Prime Head,1
Fragor Prime,Fragor Prime Handle,1
Fragor Prime,Orokin Cell,10
Wraith,Credits,25000
Wraith,Wraith Left Gauntlet,1
Wraith,Wraith Right Gauntlet,1
Jat Kittag,Credits,30000
Jat Kittag,Detonite Injector,5
Jat Kittag,Salvage,5000
Jat Kittag,Rubedo,600
Orthos Prime,Credits,15000
Orthos Prime,Orthos Prime Blade,2
Orthos Prime,Orthos Prime Handle,1
Orthos Prime,Orokin Cell,10
Broken War,Credits,20000
Broken War,Forma,1
Broken War,Nitain Extract,2
Broken War,Broken War Hilt,1
Broken War,Broken War Blade,2
Bo Prime,Credits,15000
Bo Prime,Bo Prime Ornament,2
Bo Prime,Bo Prime Handle,1
Bo Prime,Orokin Cell,10
Galvacord,Credits,20000
Galvacord,Argon Crystal,2
Galvacord,Atmo Systems,5
Galvacord,Ferrite,3600
Mire,Credits,20000
Mire,Neural Sensors,2
Mire,Ferrite,1000
Mire,Nano Spores,1500
Furax,Credits,30000
Furax,Nano Spores,1000
Furax,Salvage,900
Furax,Ferrite,600
Dual Kamas,Credits,20000
Dual Kamas,Kama,1
Dual Kamas,Kama,1
Dual Kamas,Orokin Cell,1
Kronen,Credits,20000
Kronen,Ferrite,1500
Kronen,Nano Spores,2000
Kronen,Plastids,1000
Dual Prime,Credits,15000
Dual Prime,Dual Prime Blade,2
Dual Prime,Dual Prime Handle,2
Kama,Credits,20000
Kama,Neural Sensors,5
Kama,Ferrite,1200
Kama,Circuits,900
Ninkondi Prime,Credits,15000
Ninkondi Prime,Ninkondi Prime Handle,2
Ninkondi Prime,Chain,1
Ninkondi Prime,Orokin Cell,15
Dual Zoren,Credits,30000
Dual Zoren,Morphics,4
Dual Zoren,Salvage,900
Dual Zoren,Ferrite,1100
Xoris,Credits,5000
Xoris,Xoris Core,1
Xoris,Xoris Handle,1
Xoris,Xoris Blade,1
Ether Reaper,Credits,15000
Ether Reaper,Polymer Bundle,1000
Ether Reaper,Rubedo,1000
Ether Reaper,Morphics,10
Halikar,Credits,15000
Halikar,Argon Crystal,2
Halikar,Ferrite,4800
Halikar,Nano Spores,5000
Amphis,Credits,30000
Amphis,Neurodes,2
Amphis,Salvage,500
Amphis,Circuits,600
